test_index,original_label,attack_category,predicted_label,reconstruction_error,protocol_type,service,flag
3,saint,Probe,NORMAL,0.06800432810135974,icmp,eco_i,SF
47,back,DoS,NORMAL,0.013247256950775263,tcp,http,SF
57,snmpgetattack,R2L,NORMAL,0.05763081598403737,udp,private,SF
60,guess_passwd,R2L,NORMAL,0.028605937414494242,tcp,pop_3,SF
61,warezmaster,R2L,NORMAL,0.06868821805895235,tcp,ftp_data,SF
77,processtable,DoS,NORMAL,0.10827013972441375,tcp,telnet,SF
82,pod,DoS,NORMAL,0.07759569870356606,icmp,ecr_i,SF
94,guess_passwd,R2L,NORMAL,0.029598022911146552,tcp,pop_3,SF
112,processtable,DoS,NORMAL,0.10781661317215399,tcp,telnet,SF
113,processtable,DoS,NORMAL,0.11506194264538885,tcp,telnet,SF
117,smurf,DoS,NORMAL,0.07235370523745158,icmp,ecr_i,SF
119,snmpguess,R2L,NORMAL,0.026953952578311437,udp,private,SF
137,snmpguess,R2L,NORMAL,0.02781893543082693,udp,private,SF
145,ipsweep,Probe,NORMAL,0.05980741120614601,icmp,eco_i,SF
153,mailbomb,DoS,NORMAL,0.03474419613985171,tcp,smtp,SF
180,smurf,DoS,NORMAL,0.09823988038890329,icmp,ecr_i,SF
185,guess_passwd,R2L,NORMAL,0.028068077675160362,tcp,pop_3,SF
199,snmpgetattack,R2L,NORMAL,0.025190712422857725,udp,private,SF
200,mscan,Probe,NORMAL,0.0955723196988807,tcp,telnet,RSTO
211,warezmaster,R2L,NORMAL,0.045372915654009825,tcp,ftp_data,SF
215,smurf,DoS,NORMAL,0.05704729895025454,icmp,ecr_i,SF
219,snmpguess,R2L,NORMAL,0.027703414363273247,udp,private,SF
225,back,DoS,NORMAL,0.015999706178014,tcp,http,SF
232,warezmaster,R2L,NORMAL,0.04257663965708351,tcp,ftp_data,SF
235,pod,DoS,NORMAL,0.09021956204968477,icmp,ecr_i,SF
236,apache2,DoS,NORMAL,0.0873483794453243,tcp,http,S0
252,guess_passwd,R2L,NORMAL,0.030143868713907014,tcp,pop_3,SF
261,warezmaster,R2L,NORMAL,0.022301100257541052,tcp,ftp_data,SF
269,ipsweep,Probe,NORMAL,0.11126683016971815,icmp,eco_i,SF
281,warezmaster,R2L,NORMAL,0.03035228066348908,tcp,ftp_data,SF
282,warezmaster,R2L,NORMAL,0.04758435671004807,tcp,ftp_data,SF
301,back,DoS,NORMAL,0.03865445197561817,tcp,http,S2
303,guess_passwd,R2L,NORMAL,0.06927834209283629,tcp,pop_3,SF
316,guess_passwd,R2L,NORMAL,0.029391362484083233,tcp,pop_3,SF
325,warezmaster,R2L,NORMAL,0.041822283152776446,tcp,ftp_data,SF
326,smurf,DoS,NORMAL,0.07455197970195733,icmp,ecr_i,SF
344,back,DoS,NORMAL,0.013805822515473187,tcp,http,SF
352,guess_passwd,R2L,NORMAL,0.11540769900263959,tcp,pop_3,SF
355,guess_passwd,R2L,NORMAL,0.02870756602746852,tcp,pop_3,SF
369,snmpguess,R2L,NORMAL,0.02794985559816363,udp,private,SF
372,back,DoS,NORMAL,0.014789987051208731,tcp,http,SF
377,guess_passwd,R2L,NORMAL,0.03237468053496702,tcp,pop_3,SF
396,smurf,DoS,NORMAL,0.05297222476374416,icmp,ecr_i,SF
402,guess_passwd,R2L,NORMAL,0.03321196164873533,tcp,pop_3,SF
407,snmpgetattack,R2L,NORMAL,0.027439838761426655,udp,private,SF
416,back,DoS,NORMAL,0.013484608560303113,tcp,http,SF
418,mailbomb,DoS,NORMAL,0.018932698620257614,tcp,smtp,SF
429,multihop,R2L,NORMAL,0.05800802747614158,udp,other,SF
432,mailbomb,DoS,NORMAL,0.0393849627735364,tcp,smtp,SF
439,guess_passwd,R2L,NORMAL,0.025400961840655763,tcp,pop_3,SF
444,smurf,DoS,NORMAL,0.07078952055534246,icmp,ecr_i,SF
448,snmpgetattack,R2L,NORMAL,0.026985582413136602,udp,private,SF
472,guess_passwd,R2L,NORMAL,0.02787901140973236,tcp,pop_3,SF
473,back,DoS,NORMAL,0.011432318902375995,tcp,http,SF
481,warezmaster,R2L,NORMAL,0.0373534161091655,tcp,ftp_data,SF
488,back,DoS,NORMAL,0.07257553946267736,tcp,http,RSTR
496,saint,Probe,NORMAL,0.06210194073081824,icmp,eco_i,SF
504,back,DoS,NORMAL,0.01363391901645908,tcp,http,SF
505,smurf,DoS,NORMAL,0.11953756436226809,icmp,ecr_i,SF
509,snmpgetattack,R2L,NORMAL,0.02587374683649127,udp,private,SF
513,snmpguess,R2L,NORMAL,0.027949884238135995,udp,private,SF
514,smurf,DoS,NORMAL,0.0724758193534297,icmp,ecr_i,SF
515,smurf,DoS,NORMAL,0.07495513770979088,icmp,ecr_i,SF
516,ipsweep,Probe,NORMAL,0.0673905846157615,icmp,eco_i,SF
524,warezmaster,R2L,NORMAL,0.037388686994358614,tcp,ftp_data,SF
528,guess_passwd,R2L,NORMAL,0.029928636126280113,tcp,pop_3,SF
545,guess_passwd,R2L,NORMAL,0.03466506552535562,tcp,pop_3,SF
563,smurf,DoS,NORMAL,0.09008304508392435,icmp,ecr_i,SF
574,snmpgetattack,R2L,NORMAL,0.04739119334644827,udp,private,SF
576,smurf,DoS,NORMAL,0.06916091116148976,icmp,ecr_i,SF
580,smurf,DoS,NORMAL,0.053079839955847384,icmp,ecr_i,SF
584,warezmaster,R2L,NORMAL,0.038050593138594366,tcp,ftp_data,SF
589,snmpguess,R2L,NORMAL,0.02660886189284541,udp,private,SF
600,mailbomb,DoS,NORMAL,0.03479484389296864,tcp,smtp,SF
608,snmpgetattack,R2L,NORMAL,0.026366216858201515,udp,private,SF
609,smurf,DoS,NORMAL,0.06100535453233741,icmp,ecr_i,SF
612,guess_passwd,R2L,NORMAL,0.03308560225770688,tcp,pop_3,SF
616,back,DoS,NORMAL,0.014271869844811363,tcp,http,SF
618,back,DoS,NORMAL,0.056935913696894,tcp,http,SF
622,warezmaster,R2L,NORMAL,0.03667741478884268,tcp,ftp_data,SF
641,saint,Probe,NORMAL,0.05892221505129683,icmp,eco_i,SF
642,guess_passwd,R2L,NORMAL,0.02664802127547891,tcp,pop_3,SF
651,mscan,Probe,NORMAL,0.05313675820408418,tcp,sunrpc,REJ
661,guess_passwd,R2L,NORMAL,0.026285149868274828,tcp,pop_3,SF
670,guess_passwd,R2L,NORMAL,0.060169717934239864,tcp,pop_3,SF
683,smurf,DoS,NORMAL,0.07279496765144465,icmp,ecr_i,SF
684,pod,DoS,NORMAL,0.10461567186983502,icmp,ecr_i,SF
685,snmpguess,R2L,NORMAL,0.027804819145768274,udp,private,SF
695,guess_passwd,R2L,NORMAL,0.028386579970363535,tcp,pop_3,SF
701,warezmaster,R2L,NORMAL,0.03951387298235691,tcp,ftp_data,SF
725,smurf,DoS,NORMAL,0.07495511285937478,icmp,ecr_i,SF
726,ipsweep,Probe,NORMAL,0.0699244221142338,icmp,eco_i,SF
731,smurf,DoS,NORMAL,0.05326646668608833,icmp,ecr_i,SF
732,snmpgetattack,R2L,NORMAL,0.027433441076700496,udp,private,SF
741,mailbomb,DoS,NORMAL,0.03192475382520515,tcp,smtp,SF
742,back,DoS,NORMAL,0.013142270183958457,tcp,http,SF
751,smurf,DoS,NORMAL,0.07782423838376064,icmp,ecr_i,SF
752,mscan,Probe,NORMAL,0.0548122979194505,tcp,telnet,REJ
758,back,DoS,NORMAL,0.06273439491833174,tcp,http,RSTR
761,warezmaster,R2L,NORMAL,0.03943168380412353,tcp,ftp_data,SF
772,warezmaster,R2L,NORMAL,0.03101191116602572,tcp,ftp_data,SF
789,smurf,DoS,NORMAL,0.12382428178778733,icmp,ecr_i,SF
792,warezmaster,R2L,NORMAL,0.04203478409476352,tcp,ftp_data,SF
796,guess_passwd,R2L,NORMAL,0.026691075790325338,tcp,pop_3,SF
812,processtable,DoS,NORMAL,0.10700374706826453,tcp,telnet,SF
814,warezmaster,R2L,NORMAL,0.0586373564761641,tcp,ftp_data,SF
815,mscan,Probe,NORMAL,0.06006282555404977,tcp,sunrpc,REJ
832,snmpgetattack,R2L,NORMAL,0.027717365438240906,udp,private,SF
836,warezmaster,R2L,NORMAL,0.04325516856860607,tcp,ftp_data,SF
856,mailbomb,DoS,NORMAL,0.05577615387957388,tcp,smtp,SF
862,back,DoS,NORMAL,0.025896533348633913,tcp,http,SF
870,processtable,DoS,NORMAL,0.11068927314317735,tcp,telnet,SF
876,guess_passwd,R2L,NORMAL,0.029086753585082923,tcp,pop_3,SF
889,warezmaster,R2L,NORMAL,0.06996859679280171,tcp,ftp_data,SF
900,saint,Probe,NORMAL,0.06538260494979833,icmp,eco_i,SF
903,ipsweep,Probe,NORMAL,0.10991498639039624,icmp,eco_i,SF
916,snmpgetattack,R2L,NORMAL,0.028325322150666823,udp,private,SF
920,satan,Probe,NORMAL,0.11433315225921066,udp,private,SF
923,snmpguess,R2L,NORMAL,0.027154665585727322,udp,private,SF
927,guess_passwd,R2L,NORMAL,0.02751297403146065,tcp,pop_3,SF
930,snmpgetattack,R2L,NORMAL,0.044204107569519216,udp,other,SF
937,smurf,DoS,NORMAL,0.07878432325708348,icmp,ecr_i,SF
939,snmpguess,R2L,NORMAL,0.027951151343695323,udp,private,SF
940,saint,Probe,NORMAL,0.07438092162628078,icmp,eco_i,SF
945,snmpgetattack,R2L,NORMAL,0.027818241829746373,udp,private,SF
959,smurf,DoS,NORMAL,0.05286848165503242,icmp,ecr_i,SF
966,smurf,DoS,NORMAL,0.05357288632330556,icmp,ecr_i,SF
973,smurf,DoS,NORMAL,0.06170031935459145,icmp,ecr_i,SF
979,smurf,DoS,NORMAL,0.0639443197521194,icmp,ecr_i,SF
985,warezmaster,R2L,NORMAL,0.043047033656406254,tcp,ftp_data,SF
994,back,DoS,NORMAL,0.012773866936683607,tcp,http,SF
998,smurf,DoS,NORMAL,0.11828588247635613,icmp,ecr_i,SF
1004,back,DoS,NORMAL,0.012876922767448808,tcp,http,SF
1016,smurf,DoS,NORMAL,0.12149584485945492,icmp,ecr_i,SF
1022,snmpguess,R2L,NORMAL,0.02705410551008847,udp,private,SF
1040,smurf,DoS,NORMAL,0.09944821042443719,icmp,ecr_i,SF
1047,mailbomb,DoS,NORMAL,0.053669267970458144,tcp,smtp,SF
1050,back,DoS,NORMAL,0.012835456683016193,tcp,http,SF
1060,ipsweep,Probe,NORMAL,0.11680249994636578,icmp,eco_i,SF
1062,guess_passwd,R2L,NORMAL,0.02867410480634113,tcp,pop_3,SF
1064,sendmail,R2L,NORMAL,0.06301137907461267,tcp,auth,SF
1067,mailbomb,DoS,NORMAL,0.0748302138529056,tcp,smtp,SF
1095,warezmaster,R2L,NORMAL,0.021733837032117134,tcp,ftp_data,SF
1110,snmpgetattack,R2L,NORMAL,0.027717325878980428,udp,private,SF
1120,mailbomb,DoS,NORMAL,0.06301383065277313,tcp,smtp,SF
1122,mscan,Probe,NORMAL,0.05262702264878744,tcp,sunrpc,REJ
1136,warezmaster,R2L,NORMAL,0.02419396574833388,tcp,ftp_data,SF
1137,saint,Probe,NORMAL,0.11869796058161092,udp,private,SF
1140,warezmaster,R2L,NORMAL,0.03988838220802029,tcp,ftp_data,SF
1143,satan,Probe,NORMAL,0.11260432228927053,udp,private,SF
1146,ipsweep,Probe,NORMAL,0.10929333586026094,icmp,eco_i,SF
1148,smurf,DoS,NORMAL,0.10626045349186453,icmp,ecr_i,SF
1151,mailbomb,DoS,NORMAL,0.047748015948898465,tcp,smtp,SF
1156,back,DoS,NORMAL,0.013239110505032932,tcp,http,SF
1168,smurf,DoS,NORMAL,0.054221815661550425,icmp,ecr_i,SF
1175,snmpgetattack,R2L,NORMAL,0.12077000520524761,udp,private,SF
1195,smurf,DoS,NORMAL,0.05744029757462809,icmp,ecr_i,SF
1196,guess_passwd,R2L,NORMAL,0.029116529786472473,tcp,pop_3,SF
1212,back,DoS,NORMAL,0.014344022624061604,tcp,http,SF
1213,mailbomb,DoS,NORMAL,0.022350173979114783,tcp,smtp,SF
1219,guess_passwd,R2L,NORMAL,0.025436997346762788,tcp,pop_3,SF
1222,back,DoS,NORMAL,0.0729001733586147,tcp,http,RSTR
1225,smurf,DoS,NORMAL,0.06280920683218064,icmp,ecr_i,SF
1227,guess_passwd,R2L,NORMAL,0.033878437539646804,tcp,pop_3,SF
1230,guess_passwd,R2L,NORMAL,0.027616686201855273,tcp,pop_3,SF
1245,smurf,DoS,NORMAL,0.056811646466571816,icmp,ecr_i,SF
1259,guess_passwd,R2L,NORMAL,0.028228091346992154,tcp,pop_3,SF
1262,saint,Probe,NORMAL,0.0725806970444701,icmp,eco_i,SF
1271,snmpguess,R2L,NORMAL,0.02736829622570748,udp,private,SF
1274,guess_passwd,R2L,NORMAL,0.030044852482762244,tcp,pop_3,SF
1275,pod,DoS,NORMAL,0.09732072690818752,icmp,ecr_i,SF
1280,smurf,DoS,NORMAL,0.09544657827268,icmp,ecr_i,SF
1285,guess_passwd,R2L,NORMAL,0.05651338606755489,tcp,pop_3,SF
1294,warezmaster,R2L,NORMAL,0.038538720428151346,tcp,ftp_data,SF
1298,snmpgetattack,R2L,NORMAL,0.028793303479738668,udp,private,SF
1303,snmpguess,R2L,NORMAL,0.027330287354933848,udp,private,SF
1314,smurf,DoS,NORMAL,0.0807818647621331,icmp,ecr_i,SF
1350,snmpguess,R2L,NORMAL,0.06131769319011221,udp,private,SF
1352,guess_passwd,R2L,NORMAL,0.027613407387482882,tcp,pop_3,SF
1359,warezmaster,R2L,NORMAL,0.026463130883035795,tcp,ftp_data,SF
1360,guess_passwd,R2L,NORMAL,0.03840516802763639,tcp,pop_3,SF
1362,satan,Probe,NORMAL,0.1263044177637501,udp,private,SF
1364,mailbomb,DoS,NORMAL,0.04043437606566668,tcp,smtp,SF
1365,snmpguess,R2L,NORMAL,0.054161224566921656,udp,private,SF
1368,ipsweep,Probe,NORMAL,0.11024693093585532,icmp,eco_i,SF
1375,guess_passwd,R2L,NORMAL,0.029593518150260827,tcp,pop_3,SF
1378,satan,Probe,NORMAL,0.08778077048809767,udp,other,SF
1379,smurf,DoS,NORMAL,0.059139658240757016,icmp,ecr_i,SF
1382,guess_passwd,R2L,NORMAL,0.02865196963450297,tcp,pop_3,SF
1383,snmpguess,R2L,NORMAL,0.027029017959137463,udp,private,SF
1386,guess_passwd,R2L,NORMAL,0.028981864042747208,tcp,pop_3,SF
1390,snmpguess,R2L,NORMAL,0.027110020509734854,udp,private,SF
1399,guess_passwd,R2L,NORMAL,0.026424156445628847,tcp,pop_3,SF
1400,processtable,DoS,NORMAL,0.10788496991746475,tcp,telnet,SF
1406,ipsweep,Probe,NORMAL,0.0667537274216899,icmp,eco_i,SF
1407,snmpgetattack,R2L,NORMAL,0.026905888513893243,udp,private,SF
1412,mailbomb,DoS,NORMAL,0.11167352045533081,tcp,smtp,SF
1418,snmpguess,R2L,NORMAL,0.027952369478459613,udp,private,SF
1427,back,DoS,NORMAL,0.013885779893142802,tcp,http,SF
1436,guess_passwd,R2L,NORMAL,0.025155081886238873,tcp,pop_3,SF
1443,warezmaster,R2L,NORMAL,0.036012197594366364,tcp,ftp_data,SF
1447,ipsweep,Probe,NORMAL,0.06668328820995689,icmp,eco_i,SF
1453,mailbomb,DoS,NORMAL,0.045024801223499056,tcp,smtp,SF
1468,saint,Probe,NORMAL,0.06500553533466295,icmp,eco_i,SF
1474,smurf,DoS,NORMAL,0.081978680494857,icmp,ecr_i,SF
1479,guess_passwd,R2L,NORMAL,0.027411093171343277,tcp,pop_3,SF
1486,smurf,DoS,NORMAL,0.05307623523276378,icmp,ecr_i,SF
1497,snmpgetattack,R2L,NORMAL,0.12076992562681481,udp,private,SF
1509,back,DoS,NORMAL,0.013492478204216672,tcp,http,SF
1519,guess_passwd,R2L,NORMAL,0.025519285018943596,tcp,pop_3,SF
1527,smurf,DoS,NORMAL,0.10646110187026103,icmp,ecr_i,SF
1529,mscan,Probe,NORMAL,0.045674053338287675,tcp,telnet,REJ
1538,mailbomb,DoS,NORMAL,0.09813889539200407,tcp,smtp,SF
1541,guess_passwd,R2L,NORMAL,0.026603961816505158,tcp,pop_3,SF
1553,guess_passwd,R2L,NORMAL,0.027939103478461846,tcp,pop_3,SF
1559,guess_passwd,R2L,NORMAL,0.02901793656850601,tcp,pop_3,SF
1567,smurf,DoS,NORMAL,0.06559246011623075,icmp,ecr_i,SF
1578,mailbomb,DoS,NORMAL,0.0945814131281463,tcp,smtp,SF
1581,smurf,DoS,NORMAL,0.0730703709330871,icmp,ecr_i,SF
1588,smurf,DoS,NORMAL,0.06327506353974827,icmp,ecr_i,SF
1594,mailbomb,DoS,NORMAL,0.11248036688772779,tcp,smtp,SF
1600,guess_passwd,R2L,NORMAL,0.02789089145200317,tcp,pop_3,SF
1614,smurf,DoS,NORMAL,0.08098947983398305,icmp,ecr_i,SF
1617,warezmaster,R2L,NORMAL,0.04647293844393782,tcp,ftp_data,SF
1618,guess_passwd,R2L,NORMAL,0.031321964953948046,tcp,pop_3,SF
1624,guess_passwd,R2L,NORMAL,0.044529106641885745,tcp,pop_3,SF
1630,snmpguess,R2L,NORMAL,0.027503420597254236,udp,private,SF
1649,snmpgetattack,R2L,NORMAL,0.04027798119201133,udp,private,SF
1653,mailbomb,DoS,NORMAL,0.04771692321521953,tcp,smtp,SF
1660,guess_passwd,R2L,NORMAL,0.04143609152414992,tcp,pop_3,SF
1665,mailbomb,DoS,NORMAL,0.07920152747410644,tcp,smtp,SF
1674,warezmaster,R2L,NORMAL,0.03636837326088484,tcp,ftp_data,SF
1675,mscan,Probe,NORMAL,0.1118183908544126,tcp,telnet,RSTO
1686,smurf,DoS,NORMAL,0.12039357752125024,icmp,ecr_i,SF
1700,pod,DoS,NORMAL,0.06946976504375368,icmp,tim_i,SF
1703,mailbomb,DoS,NORMAL,0.0804867415689467,tcp,smtp,SF
1722,snmpgetattack,R2L,NORMAL,0.02497010613719688,udp,private,SF
1726,snmpguess,R2L,NORMAL,0.027154626638979457,udp,private,SF
1727,smurf,DoS,NORMAL,0.07486915659421159,icmp,ecr_i,SF
1740,smurf,DoS,NORMAL,0.11013106983693263,icmp,ecr_i,SF
1742,guess_passwd,R2L,NORMAL,0.02879698776858671,tcp,pop_3,SF
1749,smurf,DoS,NORMAL,0.08814883649431965,icmp,ecr_i,SF
1750,ipsweep,Probe,NORMAL,0.1183932672698538,icmp,eco_i,SF
1756,mailbomb,DoS,NORMAL,0.06474036834635105,tcp,smtp,SF
1758,smurf,DoS,NORMAL,0.06428982460983983,icmp,ecr_i,SF
1762,snmpguess,R2L,NORMAL,0.026837516099081554,udp,private,SF
1768,guess_passwd,R2L,NORMAL,0.02733241431744907,tcp,pop_3,SF
1773,mailbomb,DoS,NORMAL,0.08934095251966762,tcp,smtp,SF
1781,ipsweep,Probe,NORMAL,0.11273469372656404,icmp,eco_i,SF
1792,saint,Probe,NORMAL,0.05887064305337377,icmp,eco_i,SF
1794,mscan,Probe,NORMAL,0.056894912581380436,tcp,sunrpc,REJ
1812,smurf,DoS,NORMAL,0.08814864624485709,icmp,ecr_i,SF
1824,snmpgetattack,R2L,NORMAL,0.02755187204753549,udp,private,SF
1839,guess_passwd,R2L,NORMAL,0.02586530352864215,tcp,pop_3,SF
1843,smurf,DoS,NORMAL,0.07644095286485654,icmp,ecr_i,SF
1850,snmpguess,R2L,NORMAL,0.028046508469618935,udp,private,SF
1854,smurf,DoS,NORMAL,0.06465283482710395,icmp,ecr_i,SF
1857,guess_passwd,R2L,NORMAL,0.028375538305307237,tcp,pop_3,SF
1861,guess_passwd,R2L,NORMAL,0.03150871221185797,tcp,pop_3,SF
1865,snmpguess,R2L,NORMAL,0.02731949646674452,udp,private,SF
1867,guess_passwd,R2L,NORMAL,0.027867322208456557,tcp,pop_3,SF
1874,snmpguess,R2L,NORMAL,0.02780469738121993,udp,private,SF
1876,snmpguess,R2L,NORMAL,0.026837504333515585,udp,private,SF
1877,warezmaster,R2L,NORMAL,0.025998183497575007,tcp,ftp_data,SF
1884,saint,Probe,NORMAL,0.06715301655186715,icmp,eco_i,SF
1885,snmpgetattack,R2L,NORMAL,0.023464741339929932,udp,other,SF
1888,mailbomb,DoS,NORMAL,0.12716118630683002,tcp,smtp,SF
1898,mscan,Probe,NORMAL,0.049768362443503515,tcp,sunrpc,REJ
1903,guess_passwd,R2L,NORMAL,0.03803300412537669,tcp,pop_3,SF
1906,back,DoS,NORMAL,0.014906750790872263,tcp,http,SF
1910,smurf,DoS,NORMAL,0.10054216406090676,icmp,ecr_i,SF
1921,warezmaster,R2L,NORMAL,0.03758578902318465,tcp,ftp_data,SF
1922,guess_passwd,R2L,NORMAL,0.02761791941381569,tcp,pop_3,SF
1934,satan,Probe,NORMAL,0.1205995329466138,udp,private,SF
1941,smurf,DoS,NORMAL,0.12358625831255289,icmp,ecr_i,SF
1943,back,DoS,NORMAL,0.014491013650445734,tcp,http,SF
1951,mailbomb,DoS,NORMAL,0.08913909111714355,tcp,smtp,SF
1954,apache2,DoS,NORMAL,0.06689613025504144,tcp,http,S0
1958,warezmaster,R2L,NORMAL,0.04015091607600317,tcp,ftp_data,SF
1960,mailbomb,DoS,NORMAL,0.01879999402331053,tcp,smtp,SF
1969,smurf,DoS,NORMAL,0.07379139759759427,icmp,ecr_i,SF
1970,back,DoS,NORMAL,0.014781063900846974,tcp,http,SF
1991,guess_passwd,R2L,NORMAL,0.05302699107931376,tcp,pop_3,SF
2000,guess_passwd,R2L,NORMAL,0.02553467412279784,tcp,pop_3,SF
2002,back,DoS,NORMAL,0.09365074495537547,tcp,http,RSTR
2011,warezmaster,R2L,NORMAL,0.03708565090149342,tcp,ftp_data,SF
2020,smurf,DoS,NORMAL,0.05726056059513157,icmp,ecr_i,SF
2021,back,DoS,NORMAL,0.014210836946185437,tcp,http,SF
2023,warezmaster,R2L,NORMAL,0.0350035804688512,tcp,ftp_data,SF
2026,mailbomb,DoS,NORMAL,0.09979132165901897,tcp,smtp,SF
2028,mailbomb,DoS,NORMAL,0.028171207640670833,tcp,smtp,SF
2031,snmpguess,R2L,NORMAL,0.02706844423494266,udp,private,SF
2041,snmpguess,R2L,NORMAL,0.027367535092174794,udp,private,SF
2043,snmpguess,R2L,NORMAL,0.027855550120351878,udp,private,SF
2053,mscan,Probe,NORMAL,0.09775068677586535,tcp,telnet,RSTO
2056,guess_passwd,R2L,NORMAL,0.10508084672897577,tcp,pop_3,SF
2064,warezmaster,R2L,NORMAL,0.02430657633548941,tcp,ftp_data,SF
2079,smurf,DoS,NORMAL,0.05380165961578316,icmp,ecr_i,SF
2108,guess_passwd,R2L,NORMAL,0.0332569113543201,tcp,pop_3,SF
2115,warezmaster,R2L,NORMAL,0.044483236515479405,tcp,ftp_data,SF
2118,smurf,DoS,NORMAL,0.06157719203746011,icmp,ecr_i,SF
2132,guess_passwd,R2L,NORMAL,0.028440498640569557,tcp,pop_3,SF
2143,warezmaster,R2L,NORMAL,0.0368232770564408,tcp,ftp_data,SF
2145,guess_passwd,R2L,NORMAL,0.027957675098131678,tcp,pop_3,SF
2146,snmpguess,R2L,NORMAL,0.027503462179158427,udp,private,SF
2153,ps,U2R,NORMAL,0.09546362016005447,tcp,ftp,SF
2162,mailbomb,DoS,NORMAL,0.02206726602696881,tcp,smtp,SF
2169,guess_passwd,R2L,NORMAL,0.02873766893658065,tcp,pop_3,SF
2174,mailbomb,DoS,NORMAL,0.12215198138844666,tcp,smtp,SF
2183,smurf,DoS,NORMAL,0.05999274839128925,icmp,ecr_i,SF
2184,ipsweep,Probe,NORMAL,0.11286322126086412,icmp,eco_i,SF
2193,smurf,DoS,NORMAL,0.0702632540390892,icmp,ecr_i,SF
2202,smurf,DoS,NORMAL,0.07401724311408762,icmp,ecr_i,SF
2206,mscan,Probe,NORMAL,0.08552649032446148,tcp,telnet,RSTO
2212,guess_passwd,R2L,NORMAL,0.03819035268075922,tcp,pop_3,SF
2226,smurf,DoS,NORMAL,0.12316182731105366,icmp,ecr_i,SF
2231,smurf,DoS,NORMAL,0.11131221417362484,icmp,ecr_i,SF
2236,snmpguess,R2L,NORMAL,0.027096914452320056,udp,private,SF
2248,smurf,DoS,NORMAL,0.08020978193068844,icmp,ecr_i,SF
2254,mailbomb,DoS,NORMAL,0.07308567384999186,tcp,smtp,SF
2259,back,DoS,NORMAL,0.014455039191016492,tcp,http,SF
2265,back,DoS,NORMAL,0.011813486499347834,tcp,http,SF
2275,saint,Probe,NORMAL,0.07979965273913094,icmp,eco_i,SF
2286,smurf,DoS,NORMAL,0.0642900948583358,icmp,ecr_i,SF
2290,guess_passwd,R2L,NORMAL,0.025155076765008142,tcp,pop_3,SF
2300,multihop,R2L,NORMAL,0.0618031782582297,icmp,urp_i,SF
2302,saint,Probe,NORMAL,0.060501220440698424,icmp,eco_i,SF
2303,warezmaster,R2L,NORMAL,0.031698228630564346,tcp,ftp_data,SF
2305,back,DoS,NORMAL,0.12525809612827044,tcp,http,RSTR
2324,mscan,Probe,NORMAL,0.12414320410644852,tcp,telnet,SF
2327,warezmaster,R2L,NORMAL,0.026213460273626484,tcp,ftp_data,SF
2332,mscan,Probe,NORMAL,0.05476702478337514,tcp,sunrpc,REJ
2334,warezmaster,R2L,NORMAL,0.04365206377543817,tcp,ftp_data,SF
2336,back,DoS,NORMAL,0.014243613088302494,tcp,http,SF
2351,smurf,DoS,NORMAL,0.0697703895234133,icmp,ecr_i,SF
2359,warezmaster,R2L,NORMAL,0.04955275741017831,tcp,ftp_data,SF
2360,mailbomb,DoS,NORMAL,0.11168451250684895,tcp,smtp,SF
2372,guess_passwd,R2L,NORMAL,0.03219983370266747,tcp,pop_3,SF
2377,snmpguess,R2L,NORMAL,0.02710998187962267,udp,private,SF
2391,guess_passwd,R2L,NORMAL,0.029125225559440623,tcp,pop_3,SF
2393,warezmaster,R2L,NORMAL,0.035836243097076656,tcp,ftp_data,SF
2394,smurf,DoS,NORMAL,0.10848761476048865,icmp,ecr_i,SF
2414,guess_passwd,R2L,NORMAL,0.02845442988581678,tcp,pop_3,SF
2424,buffer_overflow,U2R,NORMAL,0.09671705155124384,tcp,telnet,SF
2428,back,DoS,NORMAL,0.013272595344614639,tcp,http,SF
2433,back,DoS,NORMAL,0.042721221231514825,tcp,http,S1
2468,snmpguess,R2L,NORMAL,0.02709688982705404,udp,private,SF
2476,warezmaster,R2L,NORMAL,0.03530801716750577,tcp,ftp_data,SF
2493,saint,Probe,NORMAL,0.11784479835845217,udp,private,SF
2496,snmpgetattack,R2L,NORMAL,0.08988618439417881,udp,private,SF
2506,warezmaster,R2L,NORMAL,0.036055937928410366,tcp,ftp_data,SF
2515,back,DoS,NORMAL,0.013636091527866425,tcp,http,SF
2525,guess_passwd,R2L,NORMAL,0.03463610822084727,tcp,pop_3,SF
2529,smurf,DoS,NORMAL,0.07003010654453523,icmp,ecr_i,SF
2532,back,DoS,NORMAL,0.08292050569471413,tcp,http,SF
2534,mscan,Probe,NORMAL,0.07042324379666161,tcp,imap4,RSTO
2540,snmpguess,R2L,NORMAL,0.027110068766545575,udp,private,SF
2542,saint,Probe,NORMAL,0.06575050081008153,icmp,eco_i,SF
2551,warezmaster,R2L,NORMAL,0.08938697609025559,tcp,ftp_data,SF
2559,back,DoS,NORMAL,0.014484583622428254,tcp,http,SF
2565,mscan,Probe,NORMAL,0.11156457289187686,tcp,sunrpc,REJ
2591,mailbomb,DoS,NORMAL,0.021946203482460454,tcp,smtp,SF
2618,guess_passwd,R2L,NORMAL,0.028518172313884173,tcp,pop_3,SF
2622,warezmaster,R2L,NORMAL,0.03841397180953953,tcp,ftp_data,SF
2625,mscan,Probe,NORMAL,0.06207738986922592,tcp,telnet,REJ
2651,guess_passwd,R2L,NORMAL,0.03851154895285162,tcp,pop_3,SF
2658,smurf,DoS,NORMAL,0.0960264888474167,icmp,ecr_i,SF
2661,warezmaster,R2L,NORMAL,0.04465224977032034,tcp,ftp_data,SF
2670,guess_passwd,R2L,NORMAL,0.03420424006622768,tcp,pop_3,SF
2674,guess_passwd,R2L,NORMAL,0.024742542201466947,tcp,pop_3,SF
2675,smurf,DoS,NORMAL,0.05499709527124006,icmp,ecr_i,SF
2678,warezmaster,R2L,NORMAL,0.04606504782592545,tcp,ftp_data,SF
2680,guess_passwd,R2L,NORMAL,0.03127862884375101,tcp,pop_3,SF
2698,guess_passwd,R2L,NORMAL,0.02965340588581397,tcp,pop_3,SF
2709,smurf,DoS,NORMAL,0.07619647452809236,icmp,ecr_i,SF
2713,ps,U2R,NORMAL,0.02944915539222565,tcp,ftp_data,SF
2714,pod,DoS,NORMAL,0.05621012753060031,icmp,ecr_i,SF
2723,smurf,DoS,NORMAL,0.05834514886968267,icmp,ecr_i,SF
2724,ipsweep,Probe,NORMAL,0.11017653118329412,icmp,eco_i,SF
2725,smurf,DoS,NORMAL,0.06324988853412977,icmp,ecr_i,SF
2726,saint,Probe,NORMAL,0.06351891356158453,icmp,eco_i,SF
2727,smurf,DoS,NORMAL,0.0857201788377291,icmp,ecr_i,SF
2732,back,DoS,NORMAL,0.014075052481748649,tcp,http,SF
2735,guess_passwd,R2L,NORMAL,0.05462508115855064,tcp,pop_3,SF
2736,guess_passwd,R2L,NORMAL,0.025864510035523192,tcp,pop_3,SF
2738,mailbomb,DoS,NORMAL,0.10161279872605207,tcp,smtp,SF
2741,back,DoS,NORMAL,0.014245146383466637,tcp,http,SF
2773,snmpguess,R2L,NORMAL,0.027479562293013515,udp,private,SF
2783,warezmaster,R2L,NORMAL,0.033248720077987355,tcp,ftp_data,SF
2794,guess_passwd,R2L,NORMAL,0.03219465914124288,tcp,pop_3,SF
2795,saint,Probe,NORMAL,0.06367289024057232,icmp,eco_i,SF
2801,mailbomb,DoS,NORMAL,0.02212280420988127,tcp,smtp,SF
2803,guess_passwd,R2L,NORMAL,0.02917460678128145,tcp,pop_3,SF
2804,mailbomb,DoS,NORMAL,0.11935543362282669,tcp,smtp,SF
2826,smurf,DoS,NORMAL,0.11635005848421452,icmp,ecr_i,SF
2831,back,DoS,NORMAL,0.013496012366236564,tcp,http,SF
2836,snmpguess,R2L,NORMAL,0.027330340264699184,udp,private,SF
2838,back,DoS,NORMAL,0.01403648324110891,tcp,http,SF
2841,warezmaster,R2L,NORMAL,0.04567132298570998,tcp,ftp_data,SF
2846,smurf,DoS,NORMAL,0.06502848539491801,icmp,ecr_i,SF
2849,apache2,DoS,NORMAL,0.1266978463367639,tcp,http,RSTR
2874,warezmaster,R2L,NORMAL,0.03627882919511232,tcp,ftp_data,SF
2880,ipsweep,Probe,NORMAL,0.05454998601590547,icmp,ecr_i,SF
2895,warezmaster,R2L,NORMAL,0.049611771966214836,tcp,ftp_data,SF
2896,back,DoS,NORMAL,0.01393214737812969,tcp,http,SF
2897,snmpgetattack,R2L,NORMAL,0.0334170360907444,udp,private,SF
2898,warezmaster,R2L,NORMAL,0.037825059296876226,tcp,ftp_data,SF
2905,guess_passwd,R2L,NORMAL,0.026742701130116876,tcp,pop_3,SF
2926,warezmaster,R2L,NORMAL,0.024119748512287965,tcp,ftp_data,SF
2932,warezmaster,R2L,NORMAL,0.0257731450692321,tcp,ftp_data,SF
2933,snmpgetattack,R2L,NORMAL,0.027586463758481485,udp,private,SF
2948,snmpguess,R2L,NORMAL,0.027949906765491504,udp,private,SF
2950,guess_passwd,R2L,NORMAL,0.030334203345676863,tcp,pop_3,SF
2952,back,DoS,NORMAL,0.0422238383836921,tcp,http,SF
2954,back,DoS,NORMAL,0.014260440720346483,tcp,http,SF
2969,pod,DoS,NORMAL,0.09585313080659234,icmp,ecr_i,SF
2970,guess_passwd,R2L,NORMAL,0.02854627163422701,tcp,pop_3,SF
2971,guess_passwd,R2L,NORMAL,0.02809585016641582,tcp,pop_3,SF
2976,guess_passwd,R2L,NORMAL,0.028093750398214466,tcp,pop_3,SF
2983,smurf,DoS,NORMAL,0.07336787159066385,icmp,ecr_i,SF
3005,warezmaster,R2L,NORMAL,0.03918025875773508,tcp,ftp_data,SF
3011,guess_passwd,R2L,NORMAL,0.028075366708736744,tcp,pop_3,SF
3015,mailbomb,DoS,NORMAL,0.07929034266834778,tcp,smtp,SF
3028,guess_passwd,R2L,NORMAL,0.02895645459769616,tcp,pop_3,SF
3035,warezmaster,R2L,NORMAL,0.028187270097680194,tcp,ftp_data,SF
3039,mscan,Probe,NORMAL,0.11058938866690836,tcp,sunrpc,REJ
3048,guess_passwd,R2L,NORMAL,0.03151545792229954,tcp,pop_3,SF
3058,guess_passwd,R2L,NORMAL,0.027875102913718933,tcp,pop_3,SF
3066,smurf,DoS,NORMAL,0.056052235572776415,icmp,ecr_i,SF
3072,mscan,Probe,NORMAL,0.07757103089015278,tcp,telnet,REJ
3073,snmpguess,R2L,NORMAL,0.08948536654458827,icmp,urp_i,SF
3077,mailbomb,DoS,NORMAL,0.022305833036296366,tcp,smtp,SF
3080,smurf,DoS,NORMAL,0.06745411299740695,icmp,ecr_i,SF
3089,guess_passwd,R2L,NORMAL,0.027291083939141154,tcp,pop_3,SF
3096,mailbomb,DoS,NORMAL,0.038502820866861194,tcp,smtp,SF
3105,smurf,DoS,NORMAL,0.07368218630634049,icmp,ecr_i,SF
3109,mailbomb,DoS,NORMAL,0.022068310381181056,tcp,smtp,SF
3111,worm,R2L,NORMAL,0.03449438030458205,tcp,telnet,SF
3113,guess_passwd,R2L,NORMAL,0.0272949341609032,tcp,pop_3,SF
3121,smurf,DoS,NORMAL,0.05333821967739607,icmp,ecr_i,SF
3123,guess_passwd,R2L,NORMAL,0.03147034039092143,tcp,pop_3,SF
3136,snmpgetattack,R2L,NORMAL,0.027108213360268966,udp,private,SF
3147,guess_passwd,R2L,NORMAL,0.028796973086773977,tcp,pop_3,SF
3157,snmpguess,R2L,NORMAL,0.026676925403775746,udp,private,SF
3159,warezmaster,R2L,NORMAL,0.0395758495056846,tcp,ftp_data,SF
3180,back,DoS,NORMAL,0.012718629534049751,tcp,http,SF
3189,ps,U2R,NORMAL,0.04167006488570009,tcp,ftp_data,SF
3193,back,DoS,NORMAL,0.011810540896434338,tcp,http,SF
3194,snmpguess,R2L,NORMAL,0.02755592388240981,udp,private,SF
3199,back,DoS,NORMAL,0.013314275603721318,tcp,http,SF
3204,snmpgetattack,R2L,NORMAL,0.027580006072380116,udp,private,SF
3217,buffer_overflow,U2R,NORMAL,0.04155968688773181,tcp,ftp_data,SF
3227,guess_passwd,R2L,NORMAL,0.028399160489361953,tcp,pop_3,SF
3228,guess_passwd,R2L,NORMAL,0.02871951649577539,tcp,pop_3,SF
3241,guess_passwd,R2L,NORMAL,0.0291591440578889,tcp,pop_3,SF
3243,processtable,DoS,NORMAL,0.10731709222903756,tcp,telnet,SF
3248,guess_passwd,R2L,NORMAL,0.034452530394697096,tcp,pop_3,SF
3250,back,DoS,NORMAL,0.013211847800245534,tcp,http,SF
3252,snmpguess,R2L,NORMAL,0.027330347580109406,udp,private,SF
3265,warezmaster,R2L,NORMAL,0.039261641746160474,tcp,ftp_data,SF
3268,guess_passwd,R2L,NORMAL,0.027285026194554626,tcp,pop_3,SF
3276,snmpguess,R2L,NORMAL,0.027582679976158465,udp,private,SF
3283,saint,Probe,NORMAL,0.07083871074812237,icmp,eco_i,SF
3284,snmpguess,R2L,NORMAL,0.027710363051581692,udp,private,SF
3285,apache2,DoS,NORMAL,0.07271516215809073,tcp,http,S0
3292,guess_passwd,R2L,NORMAL,0.030289761480479165,tcp,pop_3,SF
3294,back,DoS,NORMAL,0.013246473312537302,tcp,http,SF
3297,snmpguess,R2L,NORMAL,0.026954015058637412,udp,private,SF
3300,back,DoS,NORMAL,0.08299457493964803,tcp,http,RSTR
3301,apache2,DoS,NORMAL,0.06933193842052178,tcp,http,S0
3302,guess_passwd,R2L,NORMAL,0.028678603999138446,tcp,pop_3,SF
3319,guess_passwd,R2L,NORMAL,0.02721068076791872,tcp,pop_3,SF
3325,smurf,DoS,NORMAL,0.05683864822094127,icmp,ecr_i,SF
3333,satan,Probe,NORMAL,0.06616935040284787,udp,other,SF
3334,warezmaster,R2L,NORMAL,0.051098852530106736,tcp,ftp_data,SF
3341,guess_passwd,R2L,NORMAL,0.03699164519919656,tcp,pop_3,SF
3365,mailbomb,DoS,NORMAL,0.02810601587783558,tcp,smtp,SF
3376,guess_passwd,R2L,NORMAL,0.02757615425180507,tcp,pop_3,SF
3395,snmpguess,R2L,NORMAL,0.02770242944996279,udp,private,SF
3404,snmpguess,R2L,NORMAL,0.027478625649434367,udp,private,SF
3412,mscan,Probe,NORMAL,0.05209458928497827,tcp,imap4,REJ
3416,back,DoS,NORMAL,0.013599171185539063,tcp,http,SF
3417,processtable,DoS,NORMAL,0.1024014325410509,tcp,telnet,SF
3418,snmpguess,R2L,NORMAL,0.027368258486826627,udp,private,SF
3420,warezmaster,R2L,NORMAL,0.04444380395097729,tcp,ftp_data,SF
3433,smurf,DoS,NORMAL,0.10168810161478528,icmp,ecr_i,SF
3435,guess_passwd,R2L,NORMAL,0.02789090417156629,tcp,pop_3,SF
3439,guess_passwd,R2L,NORMAL,0.026890936631968655,tcp,pop_3,SF
3455,snmpguess,R2L,NORMAL,0.026837569601149063,udp,private,SF
3458,snmpguess,R2L,NORMAL,0.027263430362265025,udp,private,SF
3459,smurf,DoS,NORMAL,0.05403696457344975,icmp,ecr_i,SF
3461,guess_passwd,R2L,NORMAL,0.02563967175605416,tcp,pop_3,SF
3471,snmpgetattack,R2L,NORMAL,0.027314302266246374,udp,private,SF
3474,mailbomb,DoS,NORMAL,0.02212172352094149,tcp,smtp,SF
3482,named,R2L,NORMAL,0.069826066747582,tcp,other,SF
3493,warezmaster,R2L,NORMAL,0.02074285330576812,tcp,ftp_data,SF
3500,guess_passwd,R2L,NORMAL,0.028345520796363037,tcp,pop_3,SF
3513,snmpgetattack,R2L,NORMAL,0.0331741252575854,udp,private,SF
3514,back,DoS,NORMAL,0.0113392635329819,tcp,http,SF
3517,saint,Probe,NORMAL,0.059288826712295774,icmp,eco_i,SF
3518,guess_passwd,R2L,NORMAL,0.0746811961500744,tcp,pop_3,SF
3520,warezmaster,R2L,NORMAL,0.03977338304146373,tcp,ftp_data,SF
3535,guess_passwd,R2L,NORMAL,0.03452057028686559,tcp,pop_3,SF
3536,smurf,DoS,NORMAL,0.0803960980157555,icmp,ecr_i,SF
3539,guess_passwd,R2L,NORMAL,0.031300581465878344,tcp,pop_3,SF
3544,guess_passwd,R2L,NORMAL,0.028068045686082503,tcp,pop_3,SF
3554,smurf,DoS,NORMAL,0.09647652163306551,icmp,ecr_i,SF
3556,snmpgetattack,R2L,NORMAL,0.026671088943828716,udp,private,SF
3559,snmpguess,R2L,NORMAL,0.05686619134468552,udp,private,SF
3565,warezmaster,R2L,NORMAL,0.03815067699529947,tcp,ftp_data,SF
3577,warezmaster,R2L,NORMAL,0.04070404222156198,tcp,ftp_data,SF
3581,saint,Probe,NORMAL,0.07481289844027339,icmp,eco_i,SF
3582,mailbomb,DoS,NORMAL,0.019092873836751602,tcp,smtp,SF
3585,back,DoS,NORMAL,0.01215624189074168,tcp,http,SF
3586,smurf,DoS,NORMAL,0.10875088685790495,icmp,ecr_i,SF
3588,warezmaster,R2L,NORMAL,0.037640251073816036,tcp,ftp_data,SF
3617,back,DoS,NORMAL,0.012920208100499948,tcp,http,SF
3619,smurf,DoS,NORMAL,0.08459272029514289,icmp,ecr_i,SF
3620,smurf,DoS,NORMAL,0.05511283213680841,icmp,ecr_i,SF
3626,guess_passwd,R2L,NORMAL,0.03476483201896152,tcp,pop_3,SF
3632,saint,Probe,NORMAL,0.055379367581888245,icmp,eco_i,SF
3637,back,DoS,NORMAL,0.012128216144839315,tcp,http,SF
3640,satan,Probe,NORMAL,0.0913477270878474,udp,other,SF
3642,back,DoS,NORMAL,0.05543771254482034,tcp,http,SF
3646,satan,Probe,NORMAL,0.09971957253375749,udp,private,SF
3647,smurf,DoS,NORMAL,0.09909507660909084,icmp,ecr_i,SF
3652,processtable,DoS,NORMAL,0.12323966875148272,tcp,telnet,SF
3653,saint,Probe,NORMAL,0.07302575958033199,icmp,eco_i,SF
3657,guess_passwd,R2L,NORMAL,0.0278631609699446,tcp,pop_3,SF
3664,saint,Probe,NORMAL,0.06321287086981507,icmp,eco_i,SF
3679,warezmaster,R2L,NORMAL,0.04194419750595867,tcp,ftp_data,SF
3689,guess_passwd,R2L,NORMAL,0.026867116556773908,tcp,pop_3,SF
3705,snmpguess,R2L,NORMAL,0.02771134046219314,udp,private,SF
3707,guess_passwd,R2L,NORMAL,0.034686955948994944,tcp,pop_3,SF
3708,smurf,DoS,NORMAL,0.12576996153876624,icmp,ecr_i,SF
3717,warezmaster,R2L,NORMAL,0.045127929013274316,tcp,ftp_data,SF
3719,snmpguess,R2L,NORMAL,0.02737078716510648,udp,private,SF
3720,back,DoS,NORMAL,0.012793081479387125,tcp,http,SF
3722,back,DoS,NORMAL,0.012954104559034969,tcp,http,SF
3727,guess_passwd,R2L,NORMAL,0.02645220511405536,tcp,pop_3,SF
3729,snmpguess,R2L,NORMAL,0.024880777297469257,udp,private,SF
3732,mailbomb,DoS,NORMAL,0.05817388546339554,tcp,smtp,SF
3735,smurf,DoS,NORMAL,0.07434233566402038,icmp,ecr_i,SF
3736,snmpguess,R2L,NORMAL,0.027711266078783877,udp,private,SF
3743,smurf,DoS,NORMAL,0.07368541007933879,icmp,ecr_i,SF
3748,smurf,DoS,NORMAL,0.0530694212848899,icmp,ecr_i,SF
3764,warezmaster,R2L,NORMAL,0.042346059756968674,tcp,ftp_data,SF
3765,satan,Probe,NORMAL,0.11032099889225669,udp,private,SF
3771,smurf,DoS,NORMAL,0.1231136019000267,icmp,ecr_i,SF
3774,ipsweep,Probe,NORMAL,0.11590307791834084,icmp,eco_i,SF
3788,warezmaster,R2L,NORMAL,0.034832213704549406,tcp,ftp_data,SF
3807,mscan,Probe,NORMAL,0.09680999108518018,tcp,telnet,RSTO
3811,smurf,DoS,NORMAL,0.07212097053138795,icmp,ecr_i,SF
3812,warezmaster,R2L,NORMAL,0.05879506460495123,tcp,ftp_data,SF
3813,back,DoS,NORMAL,0.0829745636295675,tcp,http,SF
3819,guess_passwd,R2L,NORMAL,0.02938559855653224,tcp,pop_3,SF
3822,smurf,DoS,NORMAL,0.0967837682248914,icmp,ecr_i,SF
3824,smurf,DoS,NORMAL,0.05541604834242512,icmp,ecr_i,SF
3825,saint,Probe,NORMAL,0.060510226947704825,icmp,eco_i,SF
3826,mailbomb,DoS,NORMAL,0.0323070171737856,tcp,smtp,SF
3831,guess_passwd,R2L,NORMAL,0.025517095823120933,tcp,pop_3,SF
3832,smurf,DoS,NORMAL,0.053159913712405506,icmp,ecr_i,SF
3839,httptunnel,R2L,NORMAL,0.048928519051254345,tcp,other,SF
3841,smurf,DoS,NORMAL,0.09269562324246625,icmp,ecr_i,SF
3844,snmpguess,R2L,NORMAL,0.02747966409067106,udp,private,SF
3845,saint,Probe,NORMAL,0.06272425591161267,icmp,eco_i,SF
3846,guess_passwd,R2L,NORMAL,0.026785798647326896,tcp,pop_3,SF
3857,sendmail,R2L,NORMAL,0.0815152458149733,tcp,auth,SF
3858,mailbomb,DoS,NORMAL,0.02989990617999926,tcp,smtp,SF
3871,smurf,DoS,NORMAL,0.07427770628370224,icmp,ecr_i,SF
3874,snmpguess,R2L,NORMAL,0.027054112984348958,udp,private,SF
3883,guess_passwd,R2L,NORMAL,0.03253896313682376,tcp,pop_3,SF
3897,guess_passwd,R2L,NORMAL,0.027447515035350915,tcp,pop_3,SF
3903,back,DoS,NORMAL,0.013304406020458487,tcp,http,SF
3913,guess_passwd,R2L,NORMAL,0.02807536361236285,tcp,pop_3,SF
3914,guess_passwd,R2L,NORMAL,0.02831991701864552,tcp,pop_3,SF
3917,guess_passwd,R2L,NORMAL,0.052044578526633106,tcp,pop_3,SF
3928,ipsweep,Probe,NORMAL,0.11625611008024057,icmp,eco_i,SF
3930,guess_passwd,R2L,NORMAL,0.028079932663531766,tcp,pop_3,SF
3937,warezmaster,R2L,NORMAL,0.0204511883244161,tcp,ftp_data,SF
3947,snmpguess,R2L,NORMAL,0.027702212357294365,udp,private,SF
3949,guess_passwd,R2L,NORMAL,0.03262389934166326,tcp,pop_3,SF
3956,guess_passwd,R2L,NORMAL,0.027250683689362253,tcp,pop_3,SF
3959,guess_passwd,R2L,NORMAL,0.02919912854760643,tcp,pop_3,SF
3960,guess_passwd,R2L,NORMAL,0.026018001762760787,tcp,pop_3,SF
3962,guess_passwd,R2L,NORMAL,0.11786309925263953,tcp,pop_3,SF
3967,mscan,Probe,NORMAL,0.05730012867499354,tcp,sunrpc,REJ
3975,warezmaster,R2L,NORMAL,0.04540908854581508,tcp,ftp_data,SF
3978,snmpguess,R2L,NORMAL,0.02726256225450734,udp,private,SF
3979,snmpguess,R2L,NORMAL,0.027582671211232156,udp,private,SF
3985,snmpguess,R2L,NORMAL,0.027054139578693653,udp,private,SF
3996,smurf,DoS,NORMAL,0.07401704526492786,icmp,ecr_i,SF
4009,mscan,Probe,NORMAL,0.09949778698477614,tcp,telnet,RSTO
4015,mailbomb,DoS,NORMAL,0.022252430649002865,tcp,smtp,SF
4019,rootkit,U2R,NORMAL,0.025501918748192704,tcp,ftp_data,SF
4023,smurf,DoS,NORMAL,0.11404881173025533,icmp,ecr_i,SF
4024,smurf,DoS,NORMAL,0.09806984661035496,icmp,ecr_i,SF
4025,snmpgetattack,R2L,NORMAL,0.0273156034686313,udp,private,SF
4028,xlock,R2L,NORMAL,0.04944610282512877,tcp,X11,SF
4029,smurf,DoS,NORMAL,0.06786702333178203,icmp,ecr_i,SF
4038,mailbomb,DoS,NORMAL,0.061783100121340064,tcp,smtp,SF
4039,back,DoS,NORMAL,0.013147526895472559,tcp,http,SF
4052,snmpguess,R2L,NORMAL,0.026837544914826744,udp,private,SF
4055,satan,Probe,NORMAL,0.11024144214898571,udp,private,SF
4057,guess_passwd,R2L,NORMAL,0.025639217910891934,tcp,pop_3,SF
4071,guess_passwd,R2L,NORMAL,0.02705233033525989,tcp,pop_3,SF
4075,snmpgetattack,R2L,NORMAL,0.035102450138159415,udp,private,SF
4080,smurf,DoS,NORMAL,0.05410006231550528,icmp,ecr_i,SF
4093,back,DoS,NORMAL,0.011797857440423585,tcp,http,SF
4096,snmpguess,R2L,NORMAL,0.02648240867674869,udp,private,SF
4101,snmpgetattack,R2L,NORMAL,0.0256813031342996,udp,private,SF
4108,guess_passwd,R2L,NORMAL,0.055621263772414824,tcp,pop_3,SF
4109,warezmaster,R2L,NORMAL,0.03686084713175532,tcp,ftp_data,SF
4110,mscan,Probe,NORMAL,0.10358629862020487,tcp,telnet,RSTO
4111,smurf,DoS,NORMAL,0.05935116990363359,icmp,ecr_i,SF
4124,snmpguess,R2L,NORMAL,0.02706835973833519,udp,private,SF
4125,ipsweep,Probe,NORMAL,0.11607848889441943,icmp,eco_i,SF
4137,mailbomb,DoS,NORMAL,0.03547153548846261,tcp,smtp,SF
4141,guess_passwd,R2L,NORMAL,0.06324589421139484,tcp,pop_3,SF
4148,back,DoS,NORMAL,0.013374345633988899,tcp,http,SF
4149,guess_passwd,R2L,NORMAL,0.02834404420617546,tcp,pop_3,SF
4162,mailbomb,DoS,NORMAL,0.09285157216752447,tcp,smtp,SF
4170,processtable,DoS,NORMAL,0.1105859778197671,tcp,telnet,SF
4174,smurf,DoS,NORMAL,0.11387709764600104,icmp,ecr_i,SF
4176,back,DoS,NORMAL,0.013949753861220236,tcp,http,SF
4178,back,DoS,NORMAL,0.014547609515097249,tcp,http,SF
4179,guess_passwd,R2L,NORMAL,0.03144995550145318,tcp,pop_3,SF
4186,guess_passwd,R2L,NORMAL,0.029851644595453933,tcp,pop_3,SF
4200,mailbomb,DoS,NORMAL,0.02194378008023692,tcp,smtp,SF
4203,mscan,Probe,NORMAL,0.08610015871710838,tcp,imap4,RSTO
4205,guess_passwd,R2L,NORMAL,0.11597029069222957,tcp,pop_3,SF
4206,mailbomb,DoS,NORMAL,0.07616971903992797,tcp,smtp,SF
4210,smurf,DoS,NORMAL,0.05364064343613907,icmp,ecr_i,SF
4213,smurf,DoS,NORMAL,0.05412711615966271,icmp,ecr_i,SF
4220,guess_passwd,R2L,NORMAL,0.042051788831992704,tcp,pop_3,SF
4222,back,DoS,NORMAL,0.013284712516815789,tcp,http,SF
4230,guess_passwd,R2L,NORMAL,0.027647510239065427,tcp,pop_3,SF
4235,guess_passwd,R2L,NORMAL,0.02474570454318988,tcp,pop_3,SF
4240,guess_passwd,R2L,NORMAL,0.02686848290047327,tcp,pop_3,SF
4244,guess_passwd,R2L,NORMAL,0.02892399289141692,tcp,pop_3,SF
4248,warezmaster,R2L,NORMAL,0.02011415499132115,tcp,ftp_data,SF
4249,warezmaster,R2L,NORMAL,0.04570152696198656,tcp,ftp_data,SF
4253,back,DoS,NORMAL,0.012336348471955102,tcp,http,SF
4258,mscan,Probe,NORMAL,0.052537291756902686,tcp,sunrpc,REJ
4263,ipsweep,Probe,NORMAL,0.057868334189561756,icmp,eco_i,SF
4277,guess_passwd,R2L,NORMAL,0.024735375697339843,tcp,pop_3,SF
4281,guess_passwd,R2L,NORMAL,0.03384003590645655,tcp,pop_3,SF
4282,back,DoS,NORMAL,0.01175369614206778,tcp,http,SF
4293,ps,U2R,NORMAL,0.024064182018290803,tcp,ftp_data,SF
4294,snmpguess,R2L,NORMAL,0.027110052065411703,udp,private,SF
4308,warezmaster,R2L,NORMAL,0.01923157022323542,tcp,ftp_data,SF
4311,warezmaster,R2L,NORMAL,0.05102426716579761,tcp,ftp_data,SF
4323,mscan,Probe,NORMAL,0.05695487948027745,tcp,telnet,REJ
4325,snmpgetattack,R2L,NORMAL,0.026752428251973652,udp,private,SF
4334,snmpguess,R2L,NORMAL,0.0277022809965444,udp,private,SF
4339,back,DoS,NORMAL,0.014207230531598529,tcp,http,SF
4360,processtable,DoS,NORMAL,0.11066762357513209,tcp,telnet,SF
4361,guess_passwd,R2L,NORMAL,0.03499815007768877,tcp,pop_3,SF
4362,guess_passwd,R2L,NORMAL,0.02665963546078668,tcp,pop_3,SF
4378,smurf,DoS,NORMAL,0.07434224654043797,icmp,ecr_i,SF
4392,guess_passwd,R2L,NORMAL,0.033447703412304484,tcp,pop_3,SF
4393,saint,Probe,NORMAL,0.05769294748338491,tcp,finger,SF
4399,guess_passwd,R2L,NORMAL,0.03195825491916593,tcp,pop_3,SF
4406,saint,Probe,NORMAL,0.06023615908367338,icmp,eco_i,SF
4411,snmpguess,R2L,NORMAL,0.026954021381516393,udp,private,SF
4414,saint,Probe,NORMAL,0.06898430318515006,icmp,eco_i,SF
4415,mscan,Probe,NORMAL,0.05262652180926385,tcp,pop_3,SF
4426,saint,Probe,NORMAL,0.0648257329667233,icmp,eco_i,SF
4433,smurf,DoS,NORMAL,0.11177275395439064,icmp,ecr_i,SF
4443,mscan,Probe,NORMAL,0.08004554645816613,tcp,telnet,SF
4445,smurf,DoS,NORMAL,0.07573975370293298,icmp,ecr_i,SF
4448,rootkit,U2R,NORMAL,0.025055114237226044,tcp,ftp_data,SF
4460,snmpgetattack,R2L,NORMAL,0.07503036589351135,udp,private,SF
4467,mailbomb,DoS,NORMAL,0.04633227062456719,tcp,smtp,SF
4472,mailbomb,DoS,NORMAL,0.05618230169743853,tcp,smtp,SF
4473,smurf,DoS,NORMAL,0.07522923735102649,icmp,ecr_i,SF
4476,smurf,DoS,NORMAL,0.1037156830556792,icmp,ecr_i,SF
4478,warezmaster,R2L,NORMAL,0.04147797232136329,tcp,ftp_data,SF
4494,smurf,DoS,NORMAL,0.09033438954536854,icmp,ecr_i,SF
4495,satan,Probe,NORMAL,0.11159790399690839,udp,private,SF
4506,warezmaster,R2L,NORMAL,0.04876852409411947,tcp,ftp_data,SF
4515,warezmaster,R2L,NORMAL,0.0376816761150826,tcp,ftp_data,SF
4517,smurf,DoS,NORMAL,0.12813934282646192,icmp,ecr_i,SF
4523,satan,Probe,NORMAL,0.11420091530472026,udp,private,SF
4524,mscan,Probe,NORMAL,0.051154220232665325,tcp,sunrpc,REJ
4533,snmpguess,R2L,NORMAL,0.027581761620587196,udp,private,SF
4534,warezmaster,R2L,NORMAL,0.03518524249648802,tcp,ftp_data,SF
4535,snmpguess,R2L,NORMAL,0.026837468294277553,udp,private,SF
4543,guess_passwd,R2L,NORMAL,0.030033680515039626,tcp,pop_3,SF
4566,mailbomb,DoS,NORMAL,0.11925986890281494,tcp,smtp,SF
4568,guess_passwd,R2L,NORMAL,0.031823160345884505,tcp,pop_3,SF
4579,snmpguess,R2L,NORMAL,0.027805692384658832,udp,private,SF
4586,snmpguess,R2L,NORMAL,0.06132236383372293,udp,private,SF
4594,guess_passwd,R2L,NORMAL,0.03284396456592108,tcp,pop_3,SF
4607,snmpgetattack,R2L,NORMAL,0.05243354545747841,udp,private,SF
4610,guess_passwd,R2L,NORMAL,0.11339923176849545,tcp,pop_3,SF
4614,snmpguess,R2L,NORMAL,0.027263363358712846,udp,private,SF
4621,guess_passwd,R2L,NORMAL,0.028056436869995236,tcp,pop_3,SF
4626,guess_passwd,R2L,NORMAL,0.026484744886335412,tcp,pop_3,SF
4629,smurf,DoS,NORMAL,0.10309026606536079,icmp,ecr_i,SF
4630,guess_passwd,R2L,NORMAL,0.029593534807285597,tcp,pop_3,SF
4638,guess_passwd,R2L,NORMAL,0.027092413772273248,tcp,pop_3,SF
4643,mailbomb,DoS,NORMAL,0.02190032837522842,tcp,smtp,SF
4649,guess_passwd,R2L,NORMAL,0.027978692433820885,tcp,pop_3,SF
4650,guess_passwd,R2L,NORMAL,0.025529048450642012,tcp,pop_3,SF
4660,smurf,DoS,NORMAL,0.07947526936602863,icmp,ecr_i,SF
4667,snmpguess,R2L,NORMAL,0.027493853718335192,udp,private,SF
4676,mscan,Probe,NORMAL,0.06215189868575772,tcp,sunrpc,REJ
4678,smurf,DoS,NORMAL,0.06483927293398986,icmp,ecr_i,SF
4680,smurf,DoS,NORMAL,0.09324412525393336,icmp,ecr_i,SF
4691,warezmaster,R2L,NORMAL,0.0714209155015264,tcp,ftp_data,SF
4692,satan,Probe,NORMAL,0.12407738029793763,udp,other,SF
4694,ipsweep,Probe,NORMAL,0.11224280418811829,icmp,eco_i,SF
4710,processtable,DoS,NORMAL,0.11264272039639962,tcp,telnet,SF
4715,smurf,DoS,NORMAL,0.10072956499051311,icmp,ecr_i,SF
4716,guess_passwd,R2L,NORMAL,0.02851817621679469,tcp,pop_3,SF
4718,smurf,DoS,NORMAL,0.07427773554988999,icmp,ecr_i,SF
4722,guess_passwd,R2L,NORMAL,0.039219103662671846,tcp,pop_3,SF
4728,mailbomb,DoS,NORMAL,0.05262233633492548,tcp,smtp,SF
4734,guess_passwd,R2L,NORMAL,0.02542232755390492,tcp,pop_3,SF
4744,warezmaster,R2L,NORMAL,0.04006405606423731,tcp,ftp_data,SF
4746,smurf,DoS,NORMAL,0.07252111357558308,icmp,ecr_i,SF
4747,snmpguess,R2L,NORMAL,0.02770333693291358,udp,private,SF
4762,satan,Probe,NORMAL,0.10741504690377524,udp,private,SF
4766,warezmaster,R2L,NORMAL,0.035344455326003506,tcp,ftp_data,SF
4775,apache2,DoS,NORMAL,0.061754207420619794,tcp,http,S0
4786,snmpguess,R2L,NORMAL,0.027368264041201806,udp,private,SF
4791,snmpguess,R2L,NORMAL,0.027591173192969432,udp,private,SF
4800,warezmaster,R2L,NORMAL,0.037638717346150034,tcp,ftp_data,SF
4807,back,DoS,NORMAL,0.01497133697968742,tcp,http,SF
4812,snmpguess,R2L,NORMAL,0.027478552680715657,udp,private,SF
4826,ipsweep,Probe,NORMAL,0.06888764385707655,icmp,eco_i,SF
4833,sendmail,R2L,NORMAL,0.04756849439253634,tcp,auth,SF
4837,smurf,DoS,NORMAL,0.11056303118716647,icmp,ecr_i,SF
4842,guess_passwd,R2L,NORMAL,0.03351363909726167,tcp,pop_3,SF
4873,guess_passwd,R2L,NORMAL,0.028415919493434496,tcp,pop_3,SF
4875,snmpguess,R2L,NORMAL,0.026882047064196404,udp,private,SF
4885,guess_passwd,R2L,NORMAL,0.02809376028582792,tcp,pop_3,SF
4889,guess_passwd,R2L,NORMAL,0.03476480719725741,tcp,pop_3,SF
4902,guess_passwd,R2L,NORMAL,0.03273570398819706,tcp,pop_3,SF
4913,guess_passwd,R2L,NORMAL,0.028148577250032617,tcp,pop_3,SF
4916,guess_passwd,R2L,NORMAL,0.02920109084832514,tcp,pop_3,SF
4923,mailbomb,DoS,NORMAL,0.02361601545390538,tcp,smtp,SF
4925,guess_passwd,R2L,NORMAL,0.02754475212309123,tcp,pop_3,SF
4930,ipsweep,Probe,NORMAL,0.10967632115444635,icmp,eco_i,SF
4941,back,DoS,NORMAL,0.013420579712873505,tcp,http,SF
4949,snmpguess,R2L,NORMAL,0.026856695161470306,udp,private,SF
4953,saint,Probe,NORMAL,0.05356103721954241,udp,other,SF
4958,guess_passwd,R2L,NORMAL,0.026619055558093234,tcp,pop_3,SF
4963,ipsweep,Probe,NORMAL,0.11212543676079666,icmp,eco_i,SF
4966,saint,Probe,NORMAL,0.06174904951216737,icmp,eco_i,SF
4975,saint,Probe,NORMAL,0.06627808142952175,icmp,eco_i,SF
4981,satan,Probe,NORMAL,0.0933244962985921,udp,private,SF
4984,saint,Probe,NORMAL,0.06312060801041484,icmp,eco_i,SF
4986,snmpguess,R2L,NORMAL,0.026953982764933066,udp,private,SF
4988,mailbomb,DoS,NORMAL,0.043471353043675984,tcp,smtp,SF
4997,snmpguess,R2L,NORMAL,0.02728221399378244,udp,private,SF
5007,xlock,R2L,NORMAL,0.046215982278497214,tcp,X11,SF
5020,smurf,DoS,NORMAL,0.07723860017236993,icmp,ecr_i,SF
5022,guess_passwd,R2L,NORMAL,0.028117213168525838,tcp,pop_3,SF
5024,smurf,DoS,NORMAL,0.11086123953282222,icmp,ecr_i,SF
5025,back,DoS,NORMAL,0.01283215490442175,tcp,http,SF
5029,back,DoS,NORMAL,0.012553571764935654,tcp,http,SF
5032,guess_passwd,R2L,NORMAL,0.027223616841876647,tcp,pop_3,SF
5036,warezmaster,R2L,NORMAL,0.03950499453444598,tcp,ftp_data,SF
5037,warezmaster,R2L,NORMAL,0.04077645973031145,tcp,ftp_data,SF
5051,mscan,Probe,NORMAL,0.05514951760911184,tcp,sunrpc,REJ
5060,snmpgetattack,R2L,NORMAL,0.04387809572709027,udp,other,SF
5061,apache2,DoS,NORMAL,0.06306472029566086,tcp,http,S0
5077,back,DoS,NORMAL,0.014228028024905555,tcp,http,SF
5090,smurf,DoS,NORMAL,0.08274302823567438,icmp,ecr_i,SF
5093,smurf,DoS,NORMAL,0.0702624105292731,icmp,ecr_i,SF
5096,smurf,DoS,NORMAL,0.11932622151502993,icmp,ecr_i,SF
5106,snmpguess,R2L,NORMAL,0.02718693744957498,udp,private,SF
5108,saint,Probe,NORMAL,0.12605892725651266,udp,private,SF
5112,warezmaster,R2L,NORMAL,0.04461838470170165,tcp,ftp_data,SF
5126,mscan,Probe,NORMAL,0.08310797277636087,tcp,sunrpc,REJ
5176,smurf,DoS,NORMAL,0.0694160153110601,icmp,ecr_i,SF
5180,snmpguess,R2L,NORMAL,0.028068591088254553,udp,private,SF
5181,snmpgetattack,R2L,NORMAL,0.027117651205316517,udp,private,SF
5182,guess_passwd,R2L,NORMAL,0.03317112065633716,tcp,pop_3,SF
5183,back,DoS,NORMAL,0.013534798294551953,tcp,http,SF
5184,smurf,DoS,NORMAL,0.059710887212899265,icmp,ecr_i,SF
5187,mscan,Probe,NORMAL,0.07643717863003198,tcp,telnet,SF
5194,warezmaster,R2L,NORMAL,0.029464420682327637,tcp,ftp_data,SF
5197,smurf,DoS,NORMAL,0.08248834111784739,icmp,ecr_i,SF
5199,snmpguess,R2L,NORMAL,0.027110075881156236,udp,private,SF
5201,saint,Probe,NORMAL,0.10635604372911316,udp,private,SF
5211,snmpguess,R2L,NORMAL,0.027370734803120578,udp,private,SF
5219,apache2,DoS,NORMAL,0.07436302219940918,tcp,http,S0
5222,named,R2L,NORMAL,0.09321902254995651,tcp,domain,REJ
5227,smurf,DoS,NORMAL,0.09436687721126566,icmp,ecr_i,SF
5237,back,DoS,NORMAL,0.0475159522960888,tcp,http,S2
5239,guess_passwd,R2L,NORMAL,0.050680546088596796,tcp,telnet,SF
5241,saint,Probe,NORMAL,0.06431406589489344,icmp,eco_i,SF
5247,back,DoS,NORMAL,0.10114492833178146,tcp,http,RSTR
5251,guess_passwd,R2L,NORMAL,0.027352649430041405,tcp,pop_3,SF
5256,smurf,DoS,NORMAL,0.05504359860305786,icmp,ecr_i,SF
5258,mailbomb,DoS,NORMAL,0.07004726811870739,tcp,smtp,SF
5265,snmpguess,R2L,NORMAL,0.02780575075755417,udp,private,SF
5268,guess_passwd,R2L,NORMAL,0.024926279252820573,tcp,pop_3,SF
5275,smurf,DoS,NORMAL,0.05328862885144114,icmp,ecr_i,SF
5301,saint,Probe,NORMAL,0.06304608425651011,icmp,eco_i,SF
5306,back,DoS,NORMAL,0.11655295153316607,tcp,http,RSTR
5309,snmpgetattack,R2L,NORMAL,0.1191264956114664,udp,private,SF
5312,pod,DoS,NORMAL,0.08526670844804304,icmp,tim_i,SF
5314,back,DoS,NORMAL,0.011664651764683575,tcp,http,SF
5315,snmpgetattack,R2L,NORMAL,0.03146455604609251,udp,private,SF
5322,guess_passwd,R2L,NORMAL,0.07173554712187938,tcp,pop_3,SF
5324,warezmaster,R2L,NORMAL,0.026934431680913445,tcp,ftp_data,SF
5330,teardrop,DoS,NORMAL,0.06310659682830878,udp,private,SF
5334,snmpguess,R2L,NORMAL,0.06131766944382179,udp,private,SF
5339,back,DoS,NORMAL,0.014574903352698862,tcp,http,SF
5340,warezmaster,R2L,NORMAL,0.03378649041295963,tcp,ftp_data,SF
5349,smurf,DoS,NORMAL,0.07738097042516612,icmp,ecr_i,SF
5351,smurf,DoS,NORMAL,0.10998522452665456,icmp,ecr_i,SF
5352,back,DoS,NORMAL,0.01336302102946538,tcp,http,SF
5362,smurf,DoS,NORMAL,0.08543438908681525,icmp,ecr_i,SF
5370,snmpgetattack,R2L,NORMAL,0.027461094028484612,udp,private,SF
5371,warezmaster,R2L,NORMAL,0.04071857363740311,tcp,ftp_data,SF
5377,ipsweep,Probe,NORMAL,0.1095313087170552,icmp,eco_i,SF
5379,guess_passwd,R2L,NORMAL,0.03111820222294631,tcp,pop_3,SF
5380,guess_passwd,R2L,NORMAL,0.02552706020418197,tcp,pop_3,SF
5382,smurf,DoS,NORMAL,0.08325782202623039,icmp,ecr_i,SF
5383,mailbomb,DoS,NORMAL,0.021828912742314133,tcp,smtp,SF
5393,snmpguess,R2L,NORMAL,0.027154645678717566,udp,private,SF
5400,guess_passwd,R2L,NORMAL,0.026695303717962672,tcp,pop_3,SF
5401,processtable,DoS,NORMAL,0.12451558506380538,tcp,telnet,SF
5402,warezmaster,R2L,NORMAL,0.02166326083152023,tcp,ftp_data,SF
5405,mailbomb,DoS,NORMAL,0.08758804623090237,tcp,smtp,SF
5406,snmpguess,R2L,NORMAL,0.027703363287273332,udp,private,SF
5417,warezmaster,R2L,NORMAL,0.04111520005816702,tcp,ftp_data,SF
5420,guess_passwd,R2L,NORMAL,0.0278869160600538,tcp,pop_3,SF
5421,warezmaster,R2L,NORMAL,0.03473775614806802,tcp,ftp_data,SF
5428,guess_passwd,R2L,NORMAL,0.028887361788391467,tcp,pop_3,SF
5430,snmpgetattack,R2L,NORMAL,0.026118252806021203,udp,other,SF
5431,snmpguess,R2L,NORMAL,0.027855530392796438,udp,private,SF
5437,warezmaster,R2L,NORMAL,0.05896801441225399,tcp,ftp_data,SF
5443,smurf,DoS,NORMAL,0.07504379364349432,icmp,ecr_i,SF
5445,mscan,Probe,NORMAL,0.12157939975716903,tcp,telnet,REJ
5446,warezmaster,R2L,NORMAL,0.05327122339728893,tcp,ftp_data,SF
5447,warezmaster,R2L,NORMAL,0.038722739792806236,tcp,ftp_data,SF
5457,mailbomb,DoS,NORMAL,0.02259309683610411,tcp,smtp,SF
5462,mailbomb,DoS,NORMAL,0.09826895384430281,tcp,smtp,SF
5470,back,DoS,NORMAL,0.013826402972457026,tcp,http,SF
5472,guess_passwd,R2L,NORMAL,0.027755600987176225,tcp,pop_3,SF
5479,snmpgetattack,R2L,NORMAL,0.09915291593679965,udp,other,SF
5485,mailbomb,DoS,NORMAL,0.031985047457859364,tcp,smtp,SF
5488,snmpguess,R2L,NORMAL,0.028068601526817213,udp,private,SF
5508,snmpgetattack,R2L,NORMAL,0.027726905080248963,udp,private,SF
5510,guess_passwd,R2L,NORMAL,0.034884191772281394,tcp,pop_3,SF
5513,mailbomb,DoS,NORMAL,0.036124640872472,tcp,smtp,SF
5526,smurf,DoS,NORMAL,0.10072973409082428,icmp,ecr_i,SF
5528,smurf,DoS,NORMAL,0.1149125653509032,icmp,ecr_i,SF
5532,guess_passwd,R2L,NORMAL,0.02841552138833292,tcp,pop_3,SF
5549,ipsweep,Probe,NORMAL,0.10957236113080376,icmp,eco_i,SF
5551,processtable,DoS,NORMAL,0.12683182621458988,tcp,telnet,SF
5568,back,DoS,NORMAL,0.014735938218418097,tcp,http,SF
5571,guess_passwd,R2L,NORMAL,0.02910302712024459,tcp,pop_3,SF
5572,smurf,DoS,NORMAL,0.1150884743061068,icmp,ecr_i,SF
5573,satan,Probe,NORMAL,0.08892101755613452,udp,private,SF
5575,processtable,DoS,NORMAL,0.12273869135828946,tcp,telnet,SF
5576,warezmaster,R2L,NORMAL,0.024157385773662103,tcp,ftp_data,SF
5578,mailbomb,DoS,NORMAL,0.12167416670936804,tcp,smtp,SF
5580,pod,DoS,NORMAL,0.09786081155625606,icmp,ecr_i,SF
5589,warezmaster,R2L,NORMAL,0.05086763229852889,tcp,ftp_data,SF
5598,guess_passwd,R2L,NORMAL,0.033391292794818374,tcp,pop_3,SF
5617,smurf,DoS,NORMAL,0.07337101408679876,icmp,ecr_i,SF
5626,guess_passwd,R2L,NORMAL,0.03499813699722946,tcp,pop_3,SF
5629,smurf,DoS,NORMAL,0.09110193812781256,icmp,ecr_i,SF
5632,mailbomb,DoS,NORMAL,0.11489749521154018,tcp,smtp,SF
5670,back,DoS,NORMAL,0.01425834238773109,tcp,http,SF
5695,snmpguess,R2L,NORMAL,0.027554823584653762,udp,private,SF
5697,guess_passwd,R2L,NORMAL,0.032454162111517124,tcp,pop_3,SF
5708,guess_passwd,R2L,NORMAL,0.028114154092732744,tcp,pop_3,SF
5725,apache2,DoS,NORMAL,0.10452003403204248,tcp,http,S0
5727,guess_passwd,R2L,NORMAL,0.02837539502297861,tcp,pop_3,SF
5729,warezmaster,R2L,NORMAL,0.03654952636530463,tcp,ftp_data,SF
5730,guess_passwd,R2L,NORMAL,0.02764254378877685,tcp,pop_3,SF
5734,mailbomb,DoS,NORMAL,0.021839374343975343,tcp,smtp,SF
5737,guess_passwd,R2L,NORMAL,0.028462449009510785,tcp,pop_3,SF
5750,mscan,Probe,NORMAL,0.10049243872064482,tcp,telnet,REJ
5751,satan,Probe,NORMAL,0.1224394343492367,udp,private,SF
5759,guess_passwd,R2L,NORMAL,0.02732010331444385,tcp,pop_3,SF
5763,guess_passwd,R2L,NORMAL,0.025517085821353497,tcp,pop_3,SF
5765,warezmaster,R2L,NORMAL,0.034420656472097994,tcp,ftp_data,SF
5779,ipsweep,Probe,NORMAL,0.05758541350934849,icmp,eco_i,SF
5783,back,DoS,NORMAL,0.01408206100973409,tcp,http,SF
5790,warezmaster,R2L,NORMAL,0.04525244599783912,tcp,ftp_data,SF
5792,guess_passwd,R2L,NORMAL,0.02839157440388862,tcp,pop_3,SF
5802,mailbomb,DoS,NORMAL,0.0493297157877241,tcp,smtp,SF
5803,smurf,DoS,NORMAL,0.05683880502223038,icmp,ecr_i,SF
5826,warezmaster,R2L,NORMAL,0.03805538673500045,tcp,ftp_data,SF
5829,mailbomb,DoS,NORMAL,0.0744983957120049,tcp,smtp,SF
5834,back,DoS,NORMAL,0.012801019256477463,tcp,http,SF
5838,guess_passwd,R2L,NORMAL,0.026603974044588294,tcp,pop_3,SF
5839,back,DoS,NORMAL,0.014987252851497896,tcp,http,SF
5840,smurf,DoS,NORMAL,0.05681054210172532,icmp,ecr_i,SF
5843,snmpguess,R2L,NORMAL,0.02806860638651762,udp,private,SF
5854,warezmaster,R2L,NORMAL,0.060091728542527444,tcp,ftp_data,SF
5867,warezmaster,R2L,NORMAL,0.03527171953544366,tcp,ftp_data,SF
5879,snmpguess,R2L,NORMAL,0.02718695208099717,udp,private,SF
5883,snmpgetattack,R2L,NORMAL,0.027542988813162958,udp,private,SF
5884,snmpguess,R2L,NORMAL,0.027555893842165145,udp,private,SF
5888,snmpguess,R2L,NORMAL,0.02736822501661873,udp,private,SF
5904,smurf,DoS,NORMAL,0.0758498472840721,icmp,ecr_i,SF
5907,mailbomb,DoS,NORMAL,0.04124092360938257,tcp,smtp,SF
5908,saint,Probe,NORMAL,0.06469999723647017,icmp,eco_i,SF
5913,smurf,DoS,NORMAL,0.09242462689372705,icmp,ecr_i,SF
5924,snmpgetattack,R2L,NORMAL,0.036921350208673626,udp,private,SF
5925,mailbomb,DoS,NORMAL,0.061013828645929934,tcp,smtp,SF
5931,warezmaster,R2L,NORMAL,0.03698787772089644,tcp,ftp_data,SF
5934,back,DoS,NORMAL,0.014632653592018615,tcp,http,SF
5953,snmpgetattack,R2L,NORMAL,0.026638175077098123,udp,private,SF
5958,smurf,DoS,NORMAL,0.09008288423699602,icmp,ecr_i,SF
5960,rootkit,U2R,NORMAL,0.04946656989984297,tcp,ftp,SF
5961,satan,Probe,NORMAL,0.11490858419818295,udp,private,SF
5963,guess_passwd,R2L,NORMAL,0.03442854239016926,tcp,pop_3,SF
5972,back,DoS,NORMAL,0.05219938477140294,tcp,http,SF
5982,snmpguess,R2L,NORMAL,0.027805782326408176,udp,private,SF
5988,smurf,DoS,NORMAL,0.07513522942511214,icmp,ecr_i,SF
5989,guess_passwd,R2L,NORMAL,0.027055923319689555,tcp,pop_3,SF
5990,snmpguess,R2L,NORMAL,0.02736830498337262,udp,private,SF
5998,guess_passwd,R2L,NORMAL,0.02809945120652923,tcp,pop_3,SF
6001,snmpgetattack,R2L,NORMAL,0.11912420698179278,udp,private,SF
6015,satan,Probe,NORMAL,0.10828418224633633,udp,private,SF
6016,saint,Probe,NORMAL,0.049157298894133165,icmp,eco_i,SF
6019,smurf,DoS,NORMAL,0.054422678867058163,icmp,ecr_i,SF
6032,guess_passwd,R2L,NORMAL,0.026355028990899674,tcp,pop_3,SF
6043,smurf,DoS,NORMAL,0.0612244241584081,icmp,ecr_i,SF
6046,back,DoS,NORMAL,0.014199913866719186,tcp,http,SF
6048,guess_passwd,R2L,NORMAL,0.032391416855417826,tcp,pop_3,SF
6050,warezmaster,R2L,NORMAL,0.051684095526633125,tcp,ftp_data,SF
6051,guess_passwd,R2L,NORMAL,0.027526995815995964,tcp,pop_3,SF
6053,saint,Probe,NORMAL,0.05691217383357448,icmp,eco_i,SF
6059,ipsweep,Probe,NORMAL,0.06591418689759054,icmp,eco_i,SF
6060,smurf,DoS,NORMAL,0.08838289528706746,icmp,ecr_i,SF
6068,satan,Probe,NORMAL,0.10607434743870935,udp,private,SF
6077,guess_passwd,R2L,NORMAL,0.03257004014233176,tcp,pop_3,SF
6086,warezmaster,R2L,NORMAL,0.08436201886288015,tcp,ftp_data,SF
6087,warezmaster,R2L,NORMAL,0.04963114086340859,tcp,ftp_data,SF
6091,back,DoS,NORMAL,0.011063662820765182,tcp,http,SF
6094,guess_passwd,R2L,NORMAL,0.02904923845502539,tcp,pop_3,SF
6096,smurf,DoS,NORMAL,0.06393940239522623,icmp,ecr_i,SF
6098,guess_passwd,R2L,NORMAL,0.03187065511781274,tcp,pop_3,SF
6102,guess_passwd,R2L,NORMAL,0.040863467411154326,tcp,pop_3,SF
6116,guess_passwd,R2L,NORMAL,0.027214066885821925,tcp,pop_3,SF
6118,warezmaster,R2L,NORMAL,0.08226492752583606,tcp,ftp_data,SF
6127,smurf,DoS,NORMAL,0.10371249542599813,icmp,ecr_i,SF
6132,guess_passwd,R2L,NORMAL,0.029125238679851055,tcp,pop_3,SF
6148,mscan,Probe,NORMAL,0.07417532803780291,tcp,telnet,RSTO
6149,warezmaster,R2L,NORMAL,0.1266501341606014,tcp,ftp_data,SF
6155,warezmaster,R2L,NORMAL,0.04151874490325188,tcp,ftp_data,SF
6157,guess_passwd,R2L,NORMAL,0.025436991237258316,tcp,pop_3,SF
6158,guess_passwd,R2L,NORMAL,0.029359442162351753,tcp,pop_3,SF
6160,smurf,DoS,NORMAL,0.05594342274917156,icmp,ecr_i,SF
6164,mailbomb,DoS,NORMAL,0.03372153986759555,tcp,smtp,SF
6167,smurf,DoS,NORMAL,0.12104687620661016,icmp,ecr_i,SF
6175,guess_passwd,R2L,NORMAL,0.02685844717519802,tcp,pop_3,SF
6177,snmpgetattack,R2L,NORMAL,0.027367377769896693,udp,private,SF
6179,guess_passwd,R2L,NORMAL,0.03232338860842588,tcp,pop_3,SF
6181,guess_passwd,R2L,NORMAL,0.028093737128777337,tcp,pop_3,SF
6183,smurf,DoS,NORMAL,0.05394661711595379,icmp,ecr_i,SF
6189,warezmaster,R2L,NORMAL,0.047077966364657636,tcp,ftp_data,SF
6191,warezmaster,R2L,NORMAL,0.028782194075521274,tcp,ftp_data,SF
6207,multihop,R2L,NORMAL,0.05726235995379582,udp,other,SF
6212,smurf,DoS,NORMAL,0.05380132344844144,icmp,ecr_i,SF
6216,smurf,DoS,NORMAL,0.10744453315374766,icmp,ecr_i,SF
6228,warezmaster,R2L,NORMAL,0.03547037251223402,tcp,ftp_data,SF
6229,warezmaster,R2L,NORMAL,0.0410541852132797,tcp,ftp_data,SF
6272,guess_passwd,R2L,NORMAL,0.028232970814591616,tcp,pop_3,SF
6273,back,DoS,NORMAL,0.011785240954400228,tcp,http,SF
6280,guess_passwd,R2L,NORMAL,0.03991707503303863,tcp,pop_3,SF
6282,mailbomb,DoS,NORMAL,0.025380110407647538,tcp,smtp,SF
6285,warezmaster,R2L,NORMAL,0.021052853368133867,tcp,ftp_data,SF
6296,back,DoS,NORMAL,0.01407949892892718,tcp,http,SF
6308,smurf,DoS,NORMAL,0.06266651817239008,icmp,ecr_i,SF
6314,ipsweep,Probe,NORMAL,0.06631668864095971,icmp,eco_i,SF
6322,back,DoS,NORMAL,0.011113755923611133,tcp,http,SF
6323,mailbomb,DoS,NORMAL,0.024243988565301973,tcp,smtp,SF
6325,warezmaster,R2L,NORMAL,0.04262724605070185,tcp,ftp_data,SF
6331,warezmaster,R2L,NORMAL,0.044332138051530294,tcp,ftp_data,SF
6335,smurf,DoS,NORMAL,0.052836665272716285,icmp,ecr_i,SF
6342,snmpguess,R2L,NORMAL,0.02759114894087671,udp,private,SF
6345,smurf,DoS,NORMAL,0.07724071068216753,icmp,ecr_i,SF
6361,mailbomb,DoS,NORMAL,0.022068425731331824,tcp,smtp,SF
6362,guess_passwd,R2L,NORMAL,0.032653478003751873,tcp,pop_3,SF
6381,mailbomb,DoS,NORMAL,0.11719603330758205,tcp,smtp,SF
6394,smurf,DoS,NORMAL,0.11690488996566578,icmp,ecr_i,SF
6402,processtable,DoS,NORMAL,0.11201133649160083,tcp,telnet,SF
6411,guess_passwd,R2L,NORMAL,0.0274393466495517,tcp,pop_3,SF
6419,warezmaster,R2L,NORMAL,0.043997050523181085,tcp,ftp_data,SF
6425,snmpgetattack,R2L,NORMAL,0.09119041821523695,udp,private,SF
6429,back,DoS,NORMAL,0.013168329327630268,tcp,http,SF
6430,guess_passwd,R2L,NORMAL,0.026955333032462208,tcp,pop_3,SF
6432,mscan,Probe,NORMAL,0.05742310875286134,tcp,sunrpc,REJ
6434,guess_passwd,R2L,NORMAL,0.028640653468746165,tcp,pop_3,SF
6435,snmpgetattack,R2L,NORMAL,0.027699311345579,udp,private,SF
6441,ipsweep,Probe,NORMAL,0.1096529448913305,icmp,eco_i,SF
6447,pod,DoS,NORMAL,0.09841067639012628,icmp,ecr_i,SF
6452,mscan,Probe,NORMAL,0.08325594437140968,tcp,telnet,RSTO
6453,guess_passwd,R2L,NORMAL,0.025527049675847655,tcp,pop_3,SF
6458,smurf,DoS,NORMAL,0.11337727270276186,icmp,ecr_i,SF
6466,smurf,DoS,NORMAL,0.052806041727037886,icmp,ecr_i,SF
6478,satan,Probe,NORMAL,0.11530429198787809,udp,other,SF
6480,guess_passwd,R2L,NORMAL,0.05823131600638333,tcp,pop_3,SF
6484,saint,Probe,NORMAL,0.07145909160565661,icmp,eco_i,SF
6488,mailbomb,DoS,NORMAL,0.10388176794439345,tcp,smtp,SF
6492,snmpguess,R2L,NORMAL,0.02705406371176075,udp,private,SF
6496,mailbomb,DoS,NORMAL,0.03852425878309856,tcp,smtp,SF
6499,saint,Probe,NORMAL,0.057566692362674726,icmp,eco_i,SF
6500,guess_passwd,R2L,NORMAL,0.02739013660602669,tcp,pop_3,SF
6502,guess_passwd,R2L,NORMAL,0.02879237380678315,tcp,pop_3,SF
6504,back,DoS,NORMAL,0.07511414530974496,tcp,http,RSTR
6519,smurf,DoS,NORMAL,0.12334942030250733,icmp,ecr_i,SF
6520,guess_passwd,R2L,NORMAL,0.027864732259072756,tcp,pop_3,SF
6547,guess_passwd,R2L,NORMAL,0.028114136398398666,tcp,pop_3,SF
6552,guess_passwd,R2L,NORMAL,0.026838672672822046,tcp,pop_3,SF
6554,ipsweep,Probe,NORMAL,0.06782520657603858,icmp,eco_i,SF
6558,back,DoS,NORMAL,0.01292035088040489,tcp,http,SF
6562,mscan,Probe,NORMAL,0.09587541833098433,tcp,telnet,RSTO
6567,snmpgetattack,R2L,NORMAL,0.027586488021796474,udp,private,SF
6572,ipsweep,Probe,NORMAL,0.06083916783464885,icmp,eco_i,SF
6574,saint,Probe,NORMAL,0.0686839759008553,icmp,eco_i,SF
6578,guess_passwd,R2L,NORMAL,0.03262654393928201,tcp,pop_3,SF
6580,guess_passwd,R2L,NORMAL,0.0278948996885402,tcp,pop_3,SF
6581,snmpguess,R2L,NORMAL,0.027949838253308275,udp,private,SF
6585,guess_passwd,R2L,NORMAL,0.06662630496593885,tcp,pop_3,SF
6589,saint,Probe,NORMAL,0.058216790832168755,icmp,eco_i,SF
6596,guess_passwd,R2L,NORMAL,0.03476310674095441,tcp,pop_3,SF
6606,processtable,DoS,NORMAL,0.10665270264147327,tcp,telnet,SF
6612,back,DoS,NORMAL,0.013426153849657684,tcp,http,SF
6616,guess_passwd,R2L,NORMAL,0.032766995566338684,tcp,pop_3,SF
6635,mailbomb,DoS,NORMAL,0.022129814699359346,tcp,smtp,SF
6636,saint,Probe,NORMAL,0.0715118427518412,icmp,eco_i,SF
6641,back,DoS,NORMAL,0.013204610746264807,tcp,http,SF
6643,snmpgetattack,R2L,NORMAL,0.02709187926236017,udp,private,SF
6647,back,DoS,NORMAL,0.013713805723763677,tcp,http,SF
6651,processtable,DoS,NORMAL,0.12440658857995118,tcp,telnet,SF
6653,smurf,DoS,NORMAL,0.061955608840725214,icmp,ecr_i,SF
6660,guess_passwd,R2L,NORMAL,0.02719388805978997,tcp,pop_3,SF
6692,back,DoS,NORMAL,0.013527845217648887,tcp,http,SF
6698,warezmaster,R2L,NORMAL,0.040113122073950666,tcp,ftp_data,SF
6711,guess_passwd,R2L,NORMAL,0.03065129348669491,tcp,pop_3,SF
6712,smurf,DoS,NORMAL,0.10822845904545605,icmp,ecr_i,SF
6726,warezmaster,R2L,NORMAL,0.04324975807521386,tcp,ftp_data,SF
6731,guess_passwd,R2L,NORMAL,0.026531543700312084,tcp,pop_3,SF
6733,smurf,DoS,NORMAL,0.12601825816010362,icmp,ecr_i,SF
6757,back,DoS,NORMAL,0.011205844840263669,tcp,http,SF
6759,warezmaster,R2L,NORMAL,0.05716857533464531,tcp,ftp_data,SF
6768,saint,Probe,NORMAL,0.06569941827358773,icmp,eco_i,SF
6776,mscan,Probe,NORMAL,0.05266135297099757,tcp,sunrpc,REJ
6777,smurf,DoS,NORMAL,0.060150809815217816,icmp,ecr_i,SF
6785,smurf,DoS,NORMAL,0.08689422588521363,icmp,ecr_i,SF
6789,snmpgetattack,R2L,NORMAL,0.05684876121148217,udp,private,SF
6802,back,DoS,NORMAL,0.013390864907616528,tcp,http,SF
6813,warezmaster,R2L,NORMAL,0.03624847684520891,tcp,ftp_data,SF
6821,smurf,DoS,NORMAL,0.06698629912172735,icmp,ecr_i,SF
6825,guess_passwd,R2L,NORMAL,0.0268857766447536,tcp,pop_3,SF
6835,back,DoS,NORMAL,0.11280923297913152,tcp,http,SF
6843,warezmaster,R2L,NORMAL,0.04540364288952555,tcp,ftp_data,SF
6847,back,DoS,NORMAL,0.0110713341810323,tcp,http,SF
6858,snmpguess,R2L,NORMAL,0.07114727356760533,icmp,urp_i,SF
6860,saint,Probe,NORMAL,0.059289842667925606,icmp,eco_i,SF
6863,guess_passwd,R2L,NORMAL,0.025527045800825036,tcp,pop_3,SF
6868,smurf,DoS,NORMAL,0.05475260495104078,icmp,ecr_i,SF
6877,mscan,Probe,NORMAL,0.12269520500157331,tcp,imap4,RSTO
6895,guess_passwd,R2L,NORMAL,0.025136520163492052,tcp,pop_3,SF
6898,snmpguess,R2L,NORMAL,0.027096928733714568,udp,private,SF
6902,warezmaster,R2L,NORMAL,0.041734660766533885,tcp,ftp_data,SF
6910,warezmaster,R2L,NORMAL,0.04468618917272872,tcp,ftp_data,SF
6914,mailbomb,DoS,NORMAL,0.11169264263725089,tcp,smtp,SF
6915,mailbomb,DoS,NORMAL,0.049919258423002266,tcp,smtp,SF
6916,warezmaster,R2L,NORMAL,0.039492142494216176,tcp,ftp_data,SF
6922,warezmaster,R2L,NORMAL,0.030543856724682857,tcp,ftp_data,SF
6925,guess_passwd,R2L,NORMAL,0.03921480084472067,tcp,pop_3,SF
6926,guess_passwd,R2L,NORMAL,0.027858850874483553,tcp,pop_3,SF
6927,back,DoS,NORMAL,0.013428269373223221,tcp,http,SF
6933,ipsweep,Probe,NORMAL,0.1281311447063646,icmp,eco_i,SF
6936,smurf,DoS,NORMAL,0.0634016509188633,icmp,ecr_i,SF
6942,back,DoS,NORMAL,0.09947106405914931,tcp,http,SF
6945,back,DoS,NORMAL,0.041409404944784824,tcp,http,SF
6958,multihop,R2L,NORMAL,0.06273926238514017,udp,other,SF
6971,snmpgetattack,R2L,NORMAL,0.026966623989968262,udp,private,SF
6991,smurf,DoS,NORMAL,0.058731904720971485,icmp,ecr_i,SF
6994,smurf,DoS,NORMAL,0.07782410911720405,icmp,ecr_i,SF
6995,ipsweep,Probe,NORMAL,0.09334013802530744,icmp,eco_i,SF
7009,guess_passwd,R2L,NORMAL,0.028070799570331872,tcp,pop_3,SF
7011,mscan,Probe,NORMAL,0.051510275949493915,tcp,imap4,REJ
7015,back,DoS,NORMAL,0.013483734737785117,tcp,http,SF
7023,smurf,DoS,NORMAL,0.0577010583433172,icmp,ecr_i,SF
7024,snmpgetattack,R2L,NORMAL,0.0533608701724552,udp,private,SF
7048,mailbomb,DoS,NORMAL,0.112362582631105,tcp,smtp,SF
7049,guess_passwd,R2L,NORMAL,0.039325180945932535,tcp,pop_3,SF
7060,smurf,DoS,NORMAL,0.07420902754458186,icmp,ecr_i,SF
7062,smurf,DoS,NORMAL,0.09617753363704422,icmp,ecr_i,SF
7067,warezmaster,R2L,NORMAL,0.04046340336555074,tcp,ftp_data,SF
7072,smurf,DoS,NORMAL,0.08885801828434033,icmp,ecr_i,SF
7074,back,DoS,NORMAL,0.012284241185771984,tcp,http,SF
7076,guess_passwd,R2L,NORMAL,0.02848851828701721,tcp,pop_3,SF
7080,guess_passwd,R2L,NORMAL,0.03234482485217528,tcp,pop_3,SF
7082,guess_passwd,R2L,NORMAL,0.028890145524540962,tcp,pop_3,SF
7085,guess_passwd,R2L,NORMAL,0.025434432057964144,tcp,pop_3,SF
7090,guess_passwd,R2L,NORMAL,0.03503011938584743,tcp,pop_3,SF
7095,guess_passwd,R2L,NORMAL,0.026053035306735278,tcp,pop_3,SF
7111,warezmaster,R2L,NORMAL,0.0363757251011612,tcp,ftp_data,SF
7123,guess_passwd,R2L,NORMAL,0.027469663702223535,tcp,pop_3,SF
7137,smurf,DoS,NORMAL,0.12195228272342568,icmp,ecr_i,SF
7151,guess_passwd,R2L,NORMAL,0.024926266406513287,tcp,pop_3,SF
7159,mscan,Probe,NORMAL,0.10975817418468282,tcp,telnet,RSTO
7175,multihop,R2L,NORMAL,0.0446917633896553,udp,other,SF
7184,smurf,DoS,NORMAL,0.1054260652470898,icmp,ecr_i,SF
7194,warezmaster,R2L,NORMAL,0.046717237412415125,tcp,ftp_data,SF
7198,guess_passwd,R2L,NORMAL,0.028248307909556344,tcp,pop_3,SF
7199,guess_passwd,R2L,NORMAL,0.03867537956661694,tcp,pop_3,SF
7206,guess_passwd,R2L,NORMAL,0.027939856034933586,tcp,pop_3,SF
7209,guess_passwd,R2L,NORMAL,0.02835795564674035,tcp,pop_3,SF
7210,snmpguess,R2L,NORMAL,0.02747969452563955,udp,private,SF
7213,guess_passwd,R2L,NORMAL,0.02632590707824229,tcp,pop_3,SF
7219,guess_passwd,R2L,NORMAL,0.02913775801830418,tcp,pop_3,SF
7229,warezmaster,R2L,NORMAL,0.028406437324001686,tcp,ftp_data,SF
7234,back,DoS,NORMAL,0.012666307746401912,tcp,http,SF
7243,warezmaster,R2L,NORMAL,0.04280165166937787,tcp,ftp_data,SF
7245,smurf,DoS,NORMAL,0.10706981689879276,icmp,ecr_i,SF
7250,guess_passwd,R2L,NORMAL,0.027625157908721856,tcp,pop_3,SF
7256,warezmaster,R2L,NORMAL,0.03865348251535527,tcp,ftp_data,SF
7266,back,DoS,NORMAL,0.01107070104510634,tcp,http,SF
7271,satan,Probe,NORMAL,0.10580475511670188,udp,other,SF
7275,warezmaster,R2L,NORMAL,0.04502488287700877,tcp,ftp_data,SF
7284,guess_passwd,R2L,NORMAL,0.02767215696663304,tcp,pop_3,SF
7290,mailbomb,DoS,NORMAL,0.10603396169468343,tcp,smtp,SF
7295,guess_passwd,R2L,NORMAL,0.029940849992318486,tcp,pop_3,SF
7296,snmpgetattack,R2L,NORMAL,0.06791045198586547,udp,other,SF
7301,satan,Probe,NORMAL,0.11558062796715508,udp,private,SF
7308,smurf,DoS,NORMAL,0.0955892983861416,icmp,ecr_i,SF
7325,ipsweep,Probe,NORMAL,0.11572978891240407,icmp,eco_i,SF
7329,satan,Probe,NORMAL,0.12476796899149153,udp,private,SF
7331,back,DoS,NORMAL,0.01314350210310728,tcp,http,SF
7335,mailbomb,DoS,NORMAL,0.031147906699133237,tcp,smtp,SF
7344,ipsweep,Probe,NORMAL,0.11382552832152387,icmp,eco_i,SF
7355,processtable,DoS,NORMAL,0.11558887382346532,tcp,telnet,SF
7360,ipsweep,Probe,NORMAL,0.06515906590217299,icmp,eco_i,SF
7370,saint,Probe,NORMAL,0.058370228555676654,icmp,eco_i,SF
7374,satan,Probe,NORMAL,0.1269719989229223,udp,other,SF
7395,smurf,DoS,NORMAL,0.07861773474972665,icmp,ecr_i,SF
7396,mailbomb,DoS,NORMAL,0.06199186620539774,tcp,smtp,SF
7409,ipsweep,Probe,NORMAL,0.11189740831970296,icmp,eco_i,SF
7413,mailbomb,DoS,NORMAL,0.05436535655370529,tcp,smtp,SF
7420,apache2,DoS,NORMAL,0.061066004690367236,tcp,http,S0
7427,snmpguess,R2L,NORMAL,0.02736827918247513,udp,private,SF
7428,back,DoS,NORMAL,0.014015361645357662,tcp,http,SF
7436,mailbomb,DoS,NORMAL,0.027655796046736625,tcp,smtp,SF
7439,warezmaster,R2L,NORMAL,0.03333388619538652,tcp,ftp_data,SF
7446,snmpgetattack,R2L,NORMAL,0.026043903670086084,udp,private,SF
7449,mscan,Probe,NORMAL,0.09379123935019848,tcp,telnet,RSTO
7454,warezmaster,R2L,NORMAL,0.04190770647203298,tcp,ftp_data,SF
7463,snmpguess,R2L,NORMAL,0.027262431122784002,udp,private,SF
7468,ipsweep,Probe,NORMAL,0.10933747792444387,icmp,eco_i,SF
7473,saint,Probe,NORMAL,0.07429106467995839,icmp,eco_i,SF
7491,smurf,DoS,NORMAL,0.10435101417192269,icmp,ecr_i,SF
7508,ipsweep,Probe,NORMAL,0.11060882164979989,icmp,eco_i,SF
7526,smurf,DoS,NORMAL,0.05893746270790094,icmp,ecr_i,SF
7528,snmpguess,R2L,NORMAL,0.027582614122593614,udp,private,SF
7529,guess_passwd,R2L,NORMAL,0.02916349204221046,tcp,pop_3,SF
7537,snmpguess,R2L,NORMAL,0.027368247812222416,udp,private,SF
7540,snmpguess,R2L,NORMAL,0.027581816248907834,udp,private,SF
7543,snmpguess,R2L,NORMAL,0.026837594062905264,udp,private,SF
7544,smurf,DoS,NORMAL,0.10564837170903235,icmp,ecr_i,SF
7549,warezmaster,R2L,NORMAL,0.06547689792632376,tcp,ftp_data,SF
7584,saint,Probe,NORMAL,0.06232562185476436,icmp,eco_i,SF
7586,warezmaster,R2L,NORMAL,0.0416440316314411,tcp,ftp_data,SF
7614,processtable,DoS,NORMAL,0.1091381203520906,tcp,telnet,SF
7616,guess_passwd,R2L,NORMAL,0.03332058257049534,tcp,pop_3,SF
7624,guess_passwd,R2L,NORMAL,0.026895478356103165,tcp,pop_3,SF
7630,mscan,Probe,NORMAL,0.05135642037675466,tcp,sunrpc,REJ
7631,guess_passwd,R2L,NORMAL,0.029146246509275397,tcp,pop_3,SF
7632,back,DoS,NORMAL,0.014755496230129523,tcp,http,SF
7635,snmpguess,R2L,NORMAL,0.0274938085806111,udp,private,SF
7641,snmpguess,R2L,NORMAL,0.027018177303781768,udp,private,SF
7646,back,DoS,NORMAL,0.014540447214362536,tcp,http,SF
7656,smurf,DoS,NORMAL,0.10228028077711512,icmp,ecr_i,SF
7658,saint,Probe,NORMAL,0.06907318534015781,icmp,eco_i,SF
7659,smurf,DoS,NORMAL,0.10586299635555904,icmp,ecr_i,SF
7677,smurf,DoS,NORMAL,0.07368201585887862,icmp,ecr_i,SF
7678,guess_passwd,R2L,NORMAL,0.029255138811971428,tcp,pop_3,SF
7684,warezmaster,R2L,NORMAL,0.024797957303519205,tcp,ftp_data,SF
7706,warezmaster,R2L,NORMAL,0.028134789632866284,tcp,ftp_data,SF
7711,guess_passwd,R2L,NORMAL,0.029940840801807093,tcp,pop_3,SF
7714,guess_passwd,R2L,NORMAL,0.045601877685544835,tcp,telnet,SF
7718,back,DoS,NORMAL,0.014394538565431481,tcp,http,SF
7721,warezmaster,R2L,NORMAL,0.05169256642375578,tcp,ftp_data,SF
7725,mailbomb,DoS,NORMAL,0.11244051408426331,tcp,smtp,SF
7750,smurf,DoS,NORMAL,0.05991797381680597,icmp,ecr_i,SF
7754,back,DoS,NORMAL,0.012415035771770336,tcp,http,SF
7761,satan,Probe,NORMAL,0.041829117691098455,udp,other,SF
7767,guess_passwd,R2L,NORMAL,0.02492307847254933,tcp,pop_3,SF
7770,warezmaster,R2L,NORMAL,0.051548643052132144,tcp,ftp_data,SF
7799,guess_passwd,R2L,NORMAL,0.028715497906201048,tcp,pop_3,SF
7800,warezmaster,R2L,NORMAL,0.03980987407751303,tcp,ftp_data,SF
7805,back,DoS,NORMAL,0.011622322186982073,tcp,http,SF
7815,warezmaster,R2L,NORMAL,0.04306424683022568,tcp,ftp_data,SF
7817,warezmaster,R2L,NORMAL,0.03694150458590319,tcp,ftp_data,SF
7819,smurf,DoS,NORMAL,0.06447005772521253,icmp,ecr_i,SF
7825,guess_passwd,R2L,NORMAL,0.028355203089110048,tcp,pop_3,SF
7830,ipsweep,Probe,NORMAL,0.11856238423335898,icmp,eco_i,SF
7831,satan,Probe,NORMAL,0.1241982138897278,udp,other,SF
7842,smurf,DoS,NORMAL,0.12264570254801295,icmp,ecr_i,SF
7844,guess_passwd,R2L,NORMAL,0.03392245534336145,tcp,pop_3,SF
7846,guess_passwd,R2L,NORMAL,0.02901469063802683,tcp,pop_3,SF
7851,guess_passwd,R2L,NORMAL,0.028820265005972182,tcp,pop_3,SF
7854,warezmaster,R2L,NORMAL,0.04299547255487378,tcp,ftp_data,SF
7868,guess_passwd,R2L,NORMAL,0.026946429012769543,tcp,pop_3,SF
7876,apache2,DoS,NORMAL,0.11913509393034905,tcp,http,S0
7886,ipsweep,Probe,NORMAL,0.11555885452936626,icmp,eco_i,SF
7887,warezmaster,R2L,NORMAL,0.042851480178785095,tcp,ftp_data,SF
7893,guess_passwd,R2L,NORMAL,0.027647527833658835,tcp,pop_3,SF
7899,back,DoS,NORMAL,0.013088049504608524,tcp,http,SF
7905,mailbomb,DoS,NORMAL,0.06374964803913355,tcp,smtp,SF
7923,guess_passwd,R2L,NORMAL,0.03328881829288872,tcp,pop_3,SF
7931,ipsweep,Probe,NORMAL,0.1174594677695389,icmp,eco_i,SF
7933,smurf,DoS,NORMAL,0.0739031154196655,icmp,ecr_i,SF
7941,smurf,DoS,NORMAL,0.07003751444631108,icmp,ecr_i,SF
7948,guess_passwd,R2L,NORMAL,0.03441671825683215,tcp,pop_3,SF
7953,smurf,DoS,NORMAL,0.12454525899834341,icmp,ecr_i,SF
7965,snmpguess,R2L,NORMAL,0.027110010123268198,udp,private,SF
7976,warezmaster,R2L,NORMAL,0.038857349795789566,tcp,ftp_data,SF
7986,satan,Probe,NORMAL,0.128218514429938,udp,private,SF
7992,snmpguess,R2L,NORMAL,0.027370702083994468,udp,private,SF
8001,guess_passwd,R2L,NORMAL,0.030222870733286302,tcp,pop_3,SF
8007,smurf,DoS,NORMAL,0.12172361157598043,icmp,ecr_i,SF
8013,satan,Probe,NORMAL,0.1097688571988092,udp,private,SF
8034,warezmaster,R2L,NORMAL,0.028206427072854805,tcp,ftp_data,SF
8039,back,DoS,NORMAL,0.014131112660265472,tcp,http,SF
8041,guess_passwd,R2L,NORMAL,0.03447271502851675,tcp,pop_3,SF
8049,snmpguess,R2L,NORMAL,0.027493868361345795,udp,private,SF
8051,guess_passwd,R2L,NORMAL,0.030338120316594278,tcp,pop_3,SF
8052,snmpgetattack,R2L,NORMAL,0.050801074140711236,udp,private,SF
8054,warezmaster,R2L,NORMAL,0.038023189452390825,tcp,ftp_data,SF
8062,snmpguess,R2L,NORMAL,0.027054077477855865,udp,private,SF
8068,guess_passwd,R2L,NORMAL,0.028415948816731592,tcp,pop_3,SF
8081,snmpguess,R2L,NORMAL,0.027262301982043973,udp,private,SF
8089,warezmaster,R2L,NORMAL,0.03804888830572841,tcp,ftp_data,SF
8096,snmpguess,R2L,NORMAL,0.027503448886186766,udp,private,SF
8106,guess_passwd,R2L,NORMAL,0.028012214354785455,tcp,pop_3,SF
8114,guess_passwd,R2L,NORMAL,0.028402462387466337,tcp,pop_3,SF
8120,guess_passwd,R2L,NORMAL,0.02809584814473671,tcp,pop_3,SF
8124,warezmaster,R2L,NORMAL,0.03473261290168965,tcp,ftp_data,SF
8129,warezmaster,R2L,NORMAL,0.04941905923967576,tcp,ftp_data,SF
8130,snmpguess,R2L,NORMAL,0.026837486251522984,udp,private,SF
8131,snmpguess,R2L,NORMAL,0.027370779256984657,udp,private,SF
8137,snmpguess,R2L,NORMAL,0.02667689889873578,udp,private,SF
8139,warezmaster,R2L,NORMAL,0.1285629139196877,tcp,ftp_data,SF
8142,back,DoS,NORMAL,0.032422260746258966,tcp,http,SF
8146,warezmaster,R2L,NORMAL,0.03579098514590138,tcp,ftp_data,SF
8149,guess_passwd,R2L,NORMAL,0.028319934795872227,tcp,pop_3,SF
8151,saint,Probe,NORMAL,0.10308420259775988,udp,private,SF
8162,warezmaster,R2L,NORMAL,0.04425327466071759,tcp,ftp_data,SF
8171,saint,Probe,NORMAL,0.06097951258747117,icmp,eco_i,SF
8178,guess_passwd,R2L,NORMAL,0.03156868179186739,tcp,pop_3,SF
8182,back,DoS,NORMAL,0.01407667122781931,tcp,http,SF
8184,warezmaster,R2L,NORMAL,0.037989634792322945,tcp,ftp_data,SF
8185,snmpgetattack,R2L,NORMAL,0.05176990782322092,udp,private,SF
8189,guess_passwd,R2L,NORMAL,0.028075354603339507,tcp,pop_3,SF
8199,apache2,DoS,NORMAL,0.0037190336007695258,tcp,http,SF
8214,guess_passwd,R2L,NORMAL,0.024745690216096537,tcp,pop_3,SF
8215,guess_passwd,R2L,NORMAL,0.026047829441947765,tcp,pop_3,SF
8233,named,R2L,NORMAL,0.049095093008572906,tcp,ftp_data,SF
8235,satan,Probe,NORMAL,0.09799455969424525,udp,private,SF
8240,mscan,Probe,NORMAL,0.05090194627021343,tcp,sunrpc,REJ
8245,warezmaster,R2L,NORMAL,0.04065702849800657,tcp,ftp_data,SF
8254,snmpguess,R2L,NORMAL,0.027154655276187954,udp,private,SF
8257,mscan,Probe,NORMAL,0.047513311875785676,tcp,telnet,REJ
8259,back,DoS,NORMAL,0.0828059127378856,tcp,http,SF
8281,guess_passwd,R2L,NORMAL,0.11685373774527123,tcp,pop_3,SF
8311,mailbomb,DoS,NORMAL,0.12683826094419134,tcp,smtp,SF
8315,guess_passwd,R2L,NORMAL,0.026047831886189133,tcp,pop_3,SF
8318,pod,DoS,NORMAL,0.06467819071109597,icmp,ecr_i,SF
8326,snmpgetattack,R2L,NORMAL,0.027499566704105572,udp,private,SF
8330,guess_passwd,R2L,NORMAL,0.027798220559173116,tcp,pop_3,SF
8332,guess_passwd,R2L,NORMAL,0.033898510614404374,tcp,pop_3,SF
8335,back,DoS,NORMAL,0.012134710901220012,tcp,http,SF
8341,snmpgetattack,R2L,NORMAL,0.027465900152515304,udp,private,SF
8346,guess_passwd,R2L,NORMAL,0.026047835199816474,tcp,pop_3,SF
8350,smurf,DoS,NORMAL,0.08351894320022074,icmp,ecr_i,SF
8372,guess_passwd,R2L,NORMAL,0.028647951020610636,tcp,pop_3,SF
8389,snmpgetattack,R2L,NORMAL,0.04119760307936827,udp,private,SF
8396,snmpguess,R2L,NORMAL,0.02726337481601837,udp,private,SF
8401,multihop,R2L,NORMAL,0.040773063047404044,udp,other,SF
8429,smurf,DoS,NORMAL,0.055745187008977425,icmp,ecr_i,SF
8430,smurf,DoS,NORMAL,0.06989247365338266,icmp,ecr_i,SF
8433,back,DoS,NORMAL,0.012887970213220832,tcp,http,SF
8434,snmpgetattack,R2L,NORMAL,0.027278451476842352,udp,private,SF
8439,warezmaster,R2L,NORMAL,0.0685752939340217,tcp,ftp_data,SF
8445,guess_passwd,R2L,NORMAL,0.02878780304477668,tcp,pop_3,SF
8448,back,DoS,NORMAL,0.013236693142106695,tcp,http,SF
8453,smurf,DoS,NORMAL,0.05453010015247087,icmp,ecr_i,SF
8455,back,DoS,NORMAL,0.014487986107513257,tcp,http,SF
8462,guess_passwd,R2L,NORMAL,0.06432054864522163,tcp,pop_3,SF
8464,mailbomb,DoS,NORMAL,0.11024672366095711,tcp,smtp,SF
8471,back,DoS,NORMAL,0.0835040418064078,tcp,http,SF
8480,smurf,DoS,NORMAL,0.10984637268659536,icmp,ecr_i,SF
8487,guess_passwd,R2L,NORMAL,0.03452401249655248,tcp,pop_3,SF
8492,saint,Probe,NORMAL,0.0727743144847328,icmp,eco_i,SF
8494,guess_passwd,R2L,NORMAL,0.07109701713208495,tcp,pop_3,SF
8516,smurf,DoS,NORMAL,0.07059245668953934,icmp,ecr_i,SF
8523,apache2,DoS,NORMAL,0.07712026127629304,tcp,http,S0
8528,mailbomb,DoS,NORMAL,0.03693687486831485,tcp,smtp,SF
8531,warezmaster,R2L,NORMAL,0.04148878155638508,tcp,ftp_data,SF
8533,saint,Probe,NORMAL,0.052266555322469925,udp,other,SF
8534,httptunnel,R2L,NORMAL,0.04283079488286816,tcp,ftp,SF
8535,warezmaster,R2L,NORMAL,0.03992538077208861,tcp,ftp_data,SF
8540,guess_passwd,R2L,NORMAL,0.026387431490763065,tcp,pop_3,SF
8547,smurf,DoS,NORMAL,0.09296881124796669,icmp,ecr_i,SF
8551,guess_passwd,R2L,NORMAL,0.02984602140044982,tcp,pop_3,SF
8552,warezmaster,R2L,NORMAL,0.10066324704376696,tcp,ftp_data,SF
8555,snmpguess,R2L,NORMAL,0.027805735572405833,udp,private,SF
8558,snmpgetattack,R2L,NORMAL,0.02769928978076368,udp,private,SF
8562,warezmaster,R2L,NORMAL,0.04752356308985717,tcp,ftp_data,SF
8573,smurf,DoS,NORMAL,0.05643588553662615,icmp,ecr_i,SF
8590,smurf,DoS,NORMAL,0.07238976120158364,icmp,ecr_i,SF
8595,ipsweep,Probe,NORMAL,0.1124842750664038,icmp,eco_i,SF
8602,mailbomb,DoS,NORMAL,0.0316998967027297,tcp,smtp,SF
8605,warezmaster,R2L,NORMAL,0.08122284440260412,tcp,ftp_data,SF
8610,snmpgetattack,R2L,NORMAL,0.027945198391794237,udp,private,SF
8611,saint,Probe,NORMAL,0.0571939673228134,icmp,eco_i,SF
8615,ipsweep,Probe,NORMAL,0.11157207618599584,icmp,eco_i,SF
8627,back,DoS,NORMAL,0.013220549834234966,tcp,http,SF
8630,guess_passwd,R2L,NORMAL,0.034372508609602,tcp,pop_3,SF
8649,guess_passwd,R2L,NORMAL,0.09376460687582677,tcp,pop_3,SF
8653,smurf,DoS,NORMAL,0.09033453974783158,icmp,ecr_i,SF
8655,guess_passwd,R2L,NORMAL,0.025699062955184357,tcp,pop_3,SF
8660,back,DoS,NORMAL,0.014305625611869306,tcp,http,SF
8666,snmpguess,R2L,NORMAL,0.02706839489328857,udp,private,SF
8672,smurf,DoS,NORMAL,0.055113906662416494,icmp,ecr_i,SF
8677,snmpgetattack,R2L,NORMAL,0.02754302131294204,udp,private,SF
8684,ipsweep,Probe,NORMAL,0.11178674801474059,icmp,eco_i,SF
8688,snmpguess,R2L,NORMAL,0.02718696241231726,udp,private,SF
8689,snmpguess,R2L,NORMAL,0.02750337036180466,udp,private,SF
8690,warezmaster,R2L,NORMAL,0.023389831313175197,tcp,ftp_data,SF
8696,smurf,DoS,NORMAL,0.07172668075788854,icmp,ecr_i,SF
8700,udpstorm,DoS,NORMAL,0.05567947158557249,udp,private,SF
8701,warezmaster,R2L,NORMAL,0.08522722890476703,tcp,ftp_data,SF
8711,ipsweep,Probe,NORMAL,0.06396823109050113,icmp,eco_i,SF
8714,snmpgetattack,R2L,NORMAL,0.11583709399116833,udp,private,SF
8724,smurf,DoS,NORMAL,0.0639391560185121,icmp,ecr_i,SF
8734,warezmaster,R2L,NORMAL,0.03337409010827113,tcp,ftp_data,SF
8735,ipsweep,Probe,NORMAL,0.11146813091199485,icmp,eco_i,SF
8746,back,DoS,NORMAL,0.017653055522972114,tcp,http,SF
8781,warezmaster,R2L,NORMAL,0.0353799119663775,tcp,ftp_data,SF
8805,snmpguess,R2L,NORMAL,0.027479622044481046,udp,private,SF
8813,snmpguess,R2L,NORMAL,0.027581791716383676,udp,private,SF
8818,smurf,DoS,NORMAL,0.10888402189652743,icmp,ecr_i,SF
8823,smurf,DoS,NORMAL,0.07288453162838911,icmp,ecr_i,SF
8826,warezmaster,R2L,NORMAL,0.03631683217838345,tcp,ftp_data,SF
8850,warezmaster,R2L,NORMAL,0.04750152606746416,tcp,ftp_data,SF
8855,back,DoS,NORMAL,0.014740796619393237,tcp,http,SF
8860,mailbomb,DoS,NORMAL,0.06062543583236652,tcp,smtp,SF
8862,smurf,DoS,NORMAL,0.07151459577548953,icmp,ecr_i,SF
8868,satan,Probe,NORMAL,0.12315858942450537,udp,private,SF
8870,guess_passwd,R2L,NORMAL,0.028678612757430905,tcp,pop_3,SF
8884,mscan,Probe,NORMAL,0.08906225435700278,tcp,telnet,REJ
8887,snmpgetattack,R2L,NORMAL,0.05747379123977156,udp,private,SF
8888,snmpguess,R2L,NORMAL,0.02685674016392627,udp,private,SF
8892,snmpguess,R2L,NORMAL,0.02736833050683759,udp,private,SF
8895,mscan,Probe,NORMAL,0.09568974154341159,tcp,telnet,RSTO
8906,snmpgetattack,R2L,NORMAL,0.02719496059963489,udp,private,SF
8907,back,DoS,NORMAL,0.013428594359924897,tcp,http,SF
8911,mscan,Probe,NORMAL,0.06284112846328896,tcp,telnet,REJ
8915,saint,Probe,NORMAL,0.0641720652824309,icmp,eco_i,SF
8923,guess_passwd,R2L,NORMAL,0.08890405421183291,tcp,pop_3,SF
8924,mscan,Probe,NORMAL,0.045482537634133825,tcp,telnet,REJ
8928,mailbomb,DoS,NORMAL,0.06011666050037999,tcp,smtp,SF
8931,snmpguess,R2L,NORMAL,0.027581909764616486,udp,private,SF
8939,guess_passwd,R2L,NORMAL,0.026609840444444977,tcp,pop_3,SF
8944,ipsweep,Probe,NORMAL,0.055033662368789496,icmp,ecr_i,SF
8950,smurf,DoS,NORMAL,0.08958993862214039,icmp,ecr_i,SF
8967,guess_passwd,R2L,NORMAL,0.029962078369568976,tcp,pop_3,SF
8970,mailbomb,DoS,NORMAL,0.10371055090267832,tcp,smtp,SF
8984,saint,Probe,NORMAL,0.06616081480093297,icmp,eco_i,SF
9003,smurf,DoS,NORMAL,0.08885774340615914,icmp,ecr_i,SF
9006,snmpgetattack,R2L,NORMAL,0.02662398258808145,udp,private,SF
9016,mailbomb,DoS,NORMAL,0.0426405554806987,tcp,smtp,SF
9041,snmpguess,R2L,NORMAL,0.02737081492204802,udp,private,SF
9047,mailbomb,DoS,NORMAL,0.11450107854951004,tcp,smtp,SF
9051,pod,DoS,NORMAL,0.09271264657879022,icmp,ecr_i,SF
9057,smurf,DoS,NORMAL,0.1024806870333694,icmp,ecr_i,SF
9060,warezmaster,R2L,NORMAL,0.03653475361899141,tcp,ftp_data,SF
9062,apache2,DoS,NORMAL,0.06959240613412464,tcp,http,S0
9066,back,DoS,NORMAL,0.011305308679568048,tcp,http,SF
9067,snmpguess,R2L,NORMAL,0.027711354438442217,udp,private,SF
9072,guess_passwd,R2L,NORMAL,0.028715517766939463,tcp,pop_3,SF
9087,warezmaster,R2L,NORMAL,0.036055270204038835,tcp,ftp_data,SF
9091,guess_passwd,R2L,NORMAL,0.03446814906480508,tcp,pop_3,SF
9096,warezmaster,R2L,NORMAL,0.02898250351729235,tcp,ftp_data,SF
9097,warezmaster,R2L,NORMAL,0.023077130187317583,tcp,ftp_data,SF
9103,apache2,DoS,NORMAL,0.1268995984207332,tcp,http,RSTR
9119,snmpgetattack,R2L,NORMAL,0.027143779476687002,udp,private,SF
9128,rootkit,U2R,NORMAL,0.026721569318904514,tcp,ftp_data,SF
9132,guess_passwd,R2L,NORMAL,0.02884310180338776,tcp,pop_3,SF
9137,snmpguess,R2L,NORMAL,0.02471452494090023,udp,private,SF
9138,back,DoS,NORMAL,0.05602526398659146,tcp,http,SF
9151,guess_passwd,R2L,NORMAL,0.0706528504457845,tcp,pop_3,SF
9155,guess_passwd,R2L,NORMAL,0.03189287200356076,tcp,pop_3,SF
9157,ipsweep,Probe,NORMAL,0.0609058284419747,icmp,eco_i,SF
9158,warezmaster,R2L,NORMAL,0.039608594155054376,tcp,ftp_data,SF
9181,ipsweep,Probe,NORMAL,0.11015694027576337,icmp,eco_i,SF
9192,mailbomb,DoS,NORMAL,0.10775206942404965,tcp,smtp,SF
9194,mailbomb,DoS,NORMAL,0.06289983548934915,tcp,smtp,SF
9195,warezmaster,R2L,NORMAL,0.026631536126729183,tcp,ftp_data,SF
9201,mailbomb,DoS,NORMAL,0.11158330678176108,tcp,smtp,SF
9211,mscan,Probe,NORMAL,0.07390790253859168,tcp,telnet,RSTO
9212,mailbomb,DoS,NORMAL,0.08923526855896455,tcp,smtp,SF
9218,guess_passwd,R2L,NORMAL,0.028277497999973325,tcp,pop_3,SF
9221,guess_passwd,R2L,NORMAL,0.026724529195162845,tcp,pop_3,SF
9229,mscan,Probe,NORMAL,0.09351394371055552,tcp,telnet,RSTO
9230,mailbomb,DoS,NORMAL,0.10200740733323138,tcp,smtp,SF
9231,ipsweep,Probe,NORMAL,0.11116961870145509,icmp,eco_i,SF
9241,snmpgetattack,R2L,NORMAL,0.02727728743694336,udp,private,SF
9242,warezmaster,R2L,NORMAL,0.023511778786381984,tcp,ftp_data,SF
9244,guess_passwd,R2L,NORMAL,0.033096273827801045,tcp,pop_3,SF
9248,back,DoS,NORMAL,0.014294449100990295,tcp,http,SF
9255,back,DoS,NORMAL,0.0974705789823428,tcp,http,SF
9266,back,DoS,NORMAL,0.0033890170974004248,tcp,http,SF
9274,guess_passwd,R2L,NORMAL,0.03230946164164038,tcp,pop_3,SF
9277,smurf,DoS,NORMAL,0.08002316096982785,icmp,ecr_i,SF
9285,smurf,DoS,NORMAL,0.07223544502716985,icmp,ecr_i,SF
9292,smurf,DoS,NORMAL,0.060234120746160275,icmp,ecr_i,SF
9296,guess_passwd,R2L,NORMAL,0.028820279615036387,tcp,pop_3,SF
9299,warezmaster,R2L,NORMAL,0.05238738586314226,tcp,ftp_data,SF
9304,smurf,DoS,NORMAL,0.11869878048037072,icmp,ecr_i,SF
9319,snmpguess,R2L,NORMAL,0.027702468228236958,udp,private,SF
9327,mailbomb,DoS,NORMAL,0.09440294129753433,tcp,smtp,SF
9339,guess_passwd,R2L,NORMAL,0.02867007129996008,tcp,pop_3,SF
9344,smurf,DoS,NORMAL,0.1161665324895093,icmp,ecr_i,SF
9359,pod,DoS,NORMAL,0.09380808033219983,icmp,ecr_i,SF
9367,mailbomb,DoS,NORMAL,0.043190701149141406,tcp,smtp,SF
9380,warezmaster,R2L,NORMAL,0.020116339085778624,tcp,ftp_data,SF
9389,snmpgetattack,R2L,NORMAL,0.02720025275339506,udp,private,SF
9396,guess_passwd,R2L,NORMAL,0.04105159901431535,tcp,pop_3,SF
9397,mscan,Probe,NORMAL,0.09577753866695024,tcp,telnet,RSTO
9399,back,DoS,NORMAL,0.1190422455758974,tcp,http,RSTR
9416,smurf,DoS,NORMAL,0.10017177639514416,icmp,ecr_i,SF
9418,mailbomb,DoS,NORMAL,0.05841820912054062,tcp,smtp,SF
9421,back,DoS,NORMAL,0.011460956308671947,tcp,http,SF
9432,back,DoS,NORMAL,0.06046344832103409,tcp,http,RSTR
9434,warezmaster,R2L,NORMAL,0.03837444561261761,tcp,ftp_data,SF
9438,smurf,DoS,NORMAL,0.09823720291590762,icmp,ecr_i,SF
9448,smurf,DoS,NORMAL,0.06040937386223714,icmp,ecr_i,SF
9449,mscan,Probe,NORMAL,0.08907484084149586,tcp,sunrpc,REJ
9457,snmpguess,R2L,NORMAL,0.027703424373369444,udp,private,SF
9458,snmpguess,R2L,NORMAL,0.027330330033477058,udp,private,SF
9460,mailbomb,DoS,NORMAL,0.03237011534469263,tcp,smtp,SF
9461,ipsweep,Probe,NORMAL,0.06417852025642869,icmp,eco_i,SF
9463,warezmaster,R2L,NORMAL,0.05349366245057289,tcp,ftp_data,SF
9465,mscan,Probe,NORMAL,0.0514411582428023,tcp,sunrpc,REJ
9466,guess_passwd,R2L,NORMAL,0.029117636119834586,tcp,pop_3,SF
9468,guess_passwd,R2L,NORMAL,0.026808510825992785,tcp,pop_3,SF
9485,back,DoS,NORMAL,0.05505330907284596,tcp,http,SF
9487,back,DoS,NORMAL,0.012185180565737488,tcp,http,SF
9489,smurf,DoS,NORMAL,0.12241341597322336,icmp,ecr_i,SF
9493,guess_passwd,R2L,NORMAL,0.03825329778009535,tcp,pop_3,SF
9504,warezmaster,R2L,NORMAL,0.06063535848286528,tcp,ftp_data,SF
9506,guess_passwd,R2L,NORMAL,0.03316405785747188,tcp,pop_3,SF
9521,mailbomb,DoS,NORMAL,0.09613445756207548,tcp,smtp,SF
9525,ipsweep,Probe,NORMAL,0.11736899507951021,icmp,eco_i,SF
9540,warezmaster,R2L,NORMAL,0.083185215987874,tcp,ftp_data,SF
9544,smurf,DoS,NORMAL,0.07105863923449386,icmp,ecr_i,SF
9548,warezmaster,R2L,NORMAL,0.023839735047677616,tcp,ftp_data,SF
9561,guess_passwd,R2L,NORMAL,0.11077918811595959,tcp,pop_3,SF
9578,snmpgetattack,R2L,NORMAL,0.026905932370250032,udp,private,SF
9590,smurf,DoS,NORMAL,0.05427175953921616,icmp,ecr_i,SF
9603,guess_passwd,R2L,NORMAL,0.028887347698307125,tcp,pop_3,SF
9607,guess_passwd,R2L,NORMAL,0.024929487575950926,tcp,pop_3,SF
9621,ipsweep,Probe,NORMAL,0.07308916328600362,icmp,eco_i,SF
9630,warezmaster,R2L,NORMAL,0.04422778870586802,tcp,ftp_data,SF
9632,warezmaster,R2L,NORMAL,0.036057020528938145,tcp,ftp_data,SF
9647,snmpgetattack,R2L,NORMAL,0.02626788115087097,udp,private,SF
9648,warezmaster,R2L,NORMAL,0.03720073992542296,tcp,ftp_data,SF
9649,mailbomb,DoS,NORMAL,0.021884453926597696,tcp,smtp,SF
9661,smurf,DoS,NORMAL,0.10542905375295131,icmp,ecr_i,SF
9668,back,DoS,NORMAL,0.013593928709510011,tcp,http,SF
9676,smurf,DoS,NORMAL,0.08098929851185196,icmp,ecr_i,SF
9677,guess_passwd,R2L,NORMAL,0.0291583358686994,tcp,pop_3,SF
9685,apache2,DoS,NORMAL,0.11406138896834571,tcp,http,S0
9690,guess_passwd,R2L,NORMAL,0.028093750719445924,tcp,pop_3,SF
9706,back,DoS,NORMAL,0.012485770063743202,tcp,http,SF
9716,guess_passwd,R2L,NORMAL,0.02605303779965164,tcp,pop_3,SF
9724,mailbomb,DoS,NORMAL,0.09022906605322217,tcp,smtp,SF
9726,guess_passwd,R2L,NORMAL,0.0268111829472996,tcp,pop_3,SF
9730,guess_passwd,R2L,NORMAL,0.027638866522678072,tcp,pop_3,SF
9735,guess_passwd,R2L,NORMAL,0.028196466888956908,tcp,pop_3,SF
9743,guess_passwd,R2L,NORMAL,0.02754593968824772,tcp,pop_3,SF
9746,guess_passwd,R2L,NORMAL,0.02601225086561537,tcp,pop_3,SF
9750,saint,Probe,NORMAL,0.10645378289502642,udp,private,SF
9754,snmpgetattack,R2L,NORMAL,0.035799741926945225,udp,private,SF
9758,back,DoS,NORMAL,0.013315568469974079,tcp,http,SF
9769,mailbomb,DoS,NORMAL,0.08279207565634057,tcp,smtp,SF
9775,snmpgetattack,R2L,NORMAL,0.027796751926698386,udp,private,SF
9778,snmpgetattack,R2L,NORMAL,0.027587047358720546,udp,private,SF
9784,saint,Probe,NORMAL,0.05960253781805558,icmp,eco_i,SF
9785,warezmaster,R2L,NORMAL,0.038471606916474076,tcp,ftp_data,SF
9786,smurf,DoS,NORMAL,0.07669603969393733,icmp,ecr_i,SF
9795,smurf,DoS,NORMAL,0.05333866469767535,icmp,ecr_i,SF
9796,snmpgetattack,R2L,NORMAL,0.02758759229941012,udp,private,SF
9803,snmpgetattack,R2L,NORMAL,0.027551845971010746,udp,private,SF
9809,snmpguess,R2L,NORMAL,0.027478514916100698,udp,private,SF
9821,smurf,DoS,NORMAL,0.05505072647064622,icmp,ecr_i,SF
9825,back,DoS,NORMAL,0.012582975859380126,tcp,http,SF
9832,mailbomb,DoS,NORMAL,0.09166734389917218,tcp,smtp,SF
9840,mailbomb,DoS,NORMAL,0.08402492923762053,tcp,smtp,SF
9844,smurf,DoS,NORMAL,0.0632795053717623,icmp,ecr_i,SF
9857,smurf,DoS,NORMAL,0.07197983926862522,icmp,ecr_i,SF
9876,warezmaster,R2L,NORMAL,0.03759392563457506,tcp,ftp_data,SF
9900,mailbomb,DoS,NORMAL,0.09024386930781352,tcp,smtp,SF
9902,smurf,DoS,NORMAL,0.11456384425916395,icmp,ecr_i,SF
9904,smurf,DoS,NORMAL,0.06948197626586451,icmp,ecr_i,SF
9926,guess_passwd,R2L,NORMAL,0.027454344083143716,tcp,pop_3,SF
9934,guess_passwd,R2L,NORMAL,0.02643709068384259,tcp,pop_3,SF
9938,back,DoS,NORMAL,0.012285110120109062,tcp,http,SF
9941,warezmaster,R2L,NORMAL,0.020962339615616964,tcp,ftp_data,SF
9945,pod,DoS,NORMAL,0.08663585286084785,icmp,ecr_i,SF
9946,ipsweep,Probe,NORMAL,0.11055113024084602,icmp,eco_i,SF
9948,snmpguess,R2L,NORMAL,0.027154607244560355,udp,private,SF
9950,snmpguess,R2L,NORMAL,0.027110038017348435,udp,private,SF
9953,saint,Probe,NORMAL,0.05975383721041091,icmp,eco_i,SF
9954,smurf,DoS,NORMAL,0.09110206047647802,icmp,ecr_i,SF
9956,apache2,DoS,NORMAL,0.07699690561017015,tcp,http,S0
9957,snmpguess,R2L,NORMAL,0.027668475514935325,udp,private,SF
9985,guess_passwd,R2L,NORMAL,0.029154834111857042,tcp,pop_3,SF
9987,guess_passwd,R2L,NORMAL,0.04310342937840783,tcp,pop_3,SF
9992,snmpgetattack,R2L,NORMAL,0.026916011226691967,udp,private,SF
10003,back,DoS,NORMAL,0.014607168255412329,tcp,http,SF
10009,saint,Probe,NORMAL,0.06864528378564135,icmp,eco_i,SF
10010,warezmaster,R2L,NORMAL,0.024927874142753298,tcp,ftp_data,SF
10019,guess_passwd,R2L,NORMAL,0.029936206293343308,tcp,pop_3,SF
10025,smurf,DoS,NORMAL,0.11709452301434321,icmp,ecr_i,SF
10031,guess_passwd,R2L,NORMAL,0.030130315483618334,tcp,pop_3,SF
10034,smurf,DoS,NORMAL,0.08515118914747524,icmp,ecr_i,SF
10039,smurf,DoS,NORMAL,0.07440957436103729,icmp,ecr_i,SF
10060,guess_passwd,R2L,NORMAL,0.02868263331685301,tcp,pop_3,SF
10068,warezmaster,R2L,NORMAL,0.03558619182109726,tcp,ftp_data,SF
10080,snmpguess,R2L,NORMAL,0.02660890801923643,udp,private,SF
10082,guess_passwd,R2L,NORMAL,0.03811607086773945,tcp,pop_3,SF
10088,warezmaster,R2L,NORMAL,0.04501353261209633,tcp,ftp_data,SF
10104,smurf,DoS,NORMAL,0.09352160468756911,icmp,ecr_i,SF
10108,guess_passwd,R2L,NORMAL,0.030120055324008806,tcp,pop_3,SF
10119,guess_passwd,R2L,NORMAL,0.027442561322210138,tcp,pop_3,SF
10130,smurf,DoS,NORMAL,0.11787620069878332,icmp,ecr_i,SF
10134,warezmaster,R2L,NORMAL,0.05670726059138522,tcp,ftp_data,SF
10137,guess_passwd,R2L,NORMAL,0.03446894898014235,tcp,pop_3,SF
10143,mailbomb,DoS,NORMAL,0.11132475091813053,tcp,smtp,SF
10160,mscan,Probe,NORMAL,0.07761681712001615,tcp,telnet,RSTO
10173,pod,DoS,NORMAL,0.06908618246123045,icmp,tim_i,SF
10176,guess_passwd,R2L,NORMAL,0.02662888062502246,tcp,pop_3,SF
10177,snmpguess,R2L,NORMAL,0.027054054708596512,udp,private,SF
10185,mscan,Probe,NORMAL,0.1269802763986906,tcp,telnet,REJ
10200,warezmaster,R2L,NORMAL,0.03886695107889345,tcp,ftp_data,SF
10201,warezmaster,R2L,NORMAL,0.0253171838022896,tcp,ftp_data,SF
10204,guess_passwd,R2L,NORMAL,0.026981696626928696,tcp,pop_3,SF
10207,guess_passwd,R2L,NORMAL,0.02858241854961711,tcp,pop_3,SF
10212,smurf,DoS,NORMAL,0.053191811227897165,icmp,ecr_i,SF
10226,snmpguess,R2L,NORMAL,0.027282222931839458,udp,private,SF
10229,mailbomb,DoS,NORMAL,0.08251564818808112,tcp,smtp,SF
10235,snmpgetattack,R2L,NORMAL,0.027235116007017907,udp,private,SF
10241,mscan,Probe,NORMAL,0.05306074906905381,tcp,sunrpc,REJ
10245,snmpgetattack,R2L,NORMAL,0.029672011713077536,udp,private,SF
10261,warezmaster,R2L,NORMAL,0.030481053813839323,tcp,ftp_data,SF
10264,ipsweep,Probe,NORMAL,0.06428808407061307,icmp,eco_i,SF
10267,guess_passwd,R2L,NORMAL,0.028114150101285595,tcp,pop_3,SF
10274,satan,Probe,NORMAL,0.1004840262864961,udp,other,SF
10280,saint,Probe,NORMAL,0.06778426617807437,icmp,eco_i,SF
10293,snmpgetattack,R2L,NORMAL,0.02780865416936294,udp,private,SF
10295,guess_passwd,R2L,NORMAL,0.03499814285128081,tcp,pop_3,SF
10299,warezmaster,R2L,NORMAL,0.022920310270428346,tcp,ftp_data,SF
10314,smurf,DoS,NORMAL,0.0665692367057374,icmp,ecr_i,SF
10327,guess_passwd,R2L,NORMAL,0.026304285173107553,tcp,pop_3,SF
10332,snmpguess,R2L,NORMAL,0.027186929110324522,udp,private,SF
10352,guess_passwd,R2L,NORMAL,0.04714110963485665,tcp,telnet,SF
10353,guess_passwd,R2L,NORMAL,0.02517562469566395,tcp,pop_3,SF
10359,snmpguess,R2L,NORMAL,0.02726335007818593,udp,private,SF
10363,guess_passwd,R2L,NORMAL,0.028093737179591984,tcp,pop_3,SF
10364,guess_passwd,R2L,NORMAL,0.04339628217145726,tcp,pop_3,SF
10370,pod,DoS,NORMAL,0.09128981269105209,icmp,ecr_i,SF
10387,snmpguess,R2L,NORMAL,0.02688203061932162,udp,private,SF
10389,guess_passwd,R2L,NORMAL,0.03312772327511699,tcp,pop_3,SF
10397,mailbomb,DoS,NORMAL,0.12205752820764063,tcp,smtp,SF
10402,smurf,DoS,NORMAL,0.128304670699102,icmp,ecr_i,SF
10405,ipsweep,Probe,NORMAL,0.10985150104594779,icmp,eco_i,SF
10413,guess_passwd,R2L,NORMAL,0.031123385192360145,tcp,pop_3,SF
10425,guess_passwd,R2L,NORMAL,0.029567090589891494,tcp,pop_3,SF
10429,back,DoS,NORMAL,0.013235766441352723,tcp,http,SF
10431,guess_passwd,R2L,NORMAL,0.02757703645496854,tcp,pop_3,SF
10438,saint,Probe,NORMAL,0.07394979865682286,icmp,eco_i,SF
10440,snmpguess,R2L,NORMAL,0.027367337480643055,udp,private,SF
10449,guess_passwd,R2L,NORMAL,0.02807080912909686,tcp,pop_3,SF
10471,guess_passwd,R2L,NORMAL,0.029288795970934457,tcp,pop_3,SF
10477,smurf,DoS,NORMAL,0.05540003456537944,icmp,ecr_i,SF
10484,multihop,R2L,NORMAL,0.058103743024022735,udp,other,SF
10495,ipsweep,Probe,NORMAL,0.1141658199122862,icmp,eco_i,SF
10513,guess_passwd,R2L,NORMAL,0.02733368575810105,tcp,pop_3,SF
10526,back,DoS,NORMAL,0.020914856219706714,tcp,http,SF
10527,guess_passwd,R2L,NORMAL,0.032692094691143106,tcp,pop_3,SF
10528,snmpgetattack,R2L,NORMAL,0.03174004002265978,udp,private,SF
10544,snmpgetattack,R2L,NORMAL,0.0280432026350334,udp,private,SF
10555,guess_passwd,R2L,NORMAL,0.026946416228853614,tcp,pop_3,SF
10568,guess_passwd,R2L,NORMAL,0.02851374923853954,tcp,pop_3,SF
10571,mscan,Probe,NORMAL,0.05424894455260762,tcp,sunrpc,REJ
10575,guess_passwd,R2L,NORMAL,0.028461366116949247,tcp,pop_3,SF
10577,snmpguess,R2L,NORMAL,0.027598039724963223,udp,private,SF
10587,mailbomb,DoS,NORMAL,0.050533572589859646,tcp,smtp,SF
10592,mailbomb,DoS,NORMAL,0.09657969413222463,tcp,smtp,SF
10609,guess_passwd,R2L,NORMAL,0.02786262644670585,tcp,pop_3,SF
10625,guess_passwd,R2L,NORMAL,0.027014738833254667,tcp,pop_3,SF
10631,smurf,DoS,NORMAL,0.0798389175496614,icmp,ecr_i,SF
10638,httptunnel,R2L,NORMAL,0.020866035539198653,tcp,ftp_data,SF
10643,warezmaster,R2L,NORMAL,0.03674698603884435,tcp,ftp_data,SF
10645,back,DoS,NORMAL,0.012099906968505087,tcp,http,SF
10649,guess_passwd,R2L,NORMAL,0.029061887277269754,tcp,pop_3,SF
10652,guess_passwd,R2L,NORMAL,0.027964451179479283,tcp,pop_3,SF
10663,ipsweep,Probe,NORMAL,0.11071670366040631,icmp,eco_i,SF
10667,snmpguess,R2L,NORMAL,0.027493883994311234,udp,private,SF
10689,guess_passwd,R2L,NORMAL,0.02868666282057991,tcp,pop_3,SF
10695,warezmaster,R2L,NORMAL,0.04361198463051986,tcp,ftp_data,SF
10699,smurf,DoS,NORMAL,0.05984610235986944,icmp,ecr_i,SF
10711,ipsweep,Probe,NORMAL,0.07558936507149183,icmp,eco_i,SF
10717,smurf,DoS,NORMAL,0.07478581807982329,icmp,ecr_i,SF
10725,guess_passwd,R2L,NORMAL,0.02912087560932228,tcp,pop_3,SF
10739,satan,Probe,NORMAL,0.09027901003418032,udp,private,SF
10741,snmpgetattack,R2L,NORMAL,0.024869120474354786,udp,private,SF
10743,processtable,DoS,NORMAL,0.10954371679199656,tcp,telnet,SF
10744,warezmaster,R2L,NORMAL,0.026530419138855735,tcp,ftp_data,SF
10753,ipsweep,Probe,NORMAL,0.11412057233184518,icmp,eco_i,SF
10759,guess_passwd,R2L,NORMAL,0.02893955762910878,tcp,pop_3,SF
10763,warezmaster,R2L,NORMAL,0.042167609320882184,tcp,ftp_data,SF
10769,mailbomb,DoS,NORMAL,0.04629967833818373,tcp,smtp,SF
10778,snmpguess,R2L,NORMAL,0.02770344528496209,udp,private,SF
10784,smurf,DoS,NORMAL,0.061341558418020435,icmp,ecr_i,SF
10785,warezmaster,R2L,NORMAL,0.047602705014198936,tcp,ftp_data,SF
10810,guess_passwd,R2L,NORMAL,0.02896464535669844,tcp,pop_3,SF
10811,mailbomb,DoS,NORMAL,0.06559610203765431,tcp,smtp,SF
10812,guess_passwd,R2L,NORMAL,0.02707543445346102,tcp,pop_3,SF
10820,saint,Probe,NORMAL,0.06459367339151414,icmp,eco_i,SF
10823,multihop,R2L,NORMAL,0.06134858928185879,udp,other,SF
10831,back,DoS,NORMAL,0.014187230246252385,tcp,http,SF
10833,guess_passwd,R2L,NORMAL,0.02867081930447021,tcp,pop_3,SF
10842,guess_passwd,R2L,NORMAL,0.028143559669099066,tcp,pop_3,SF
10846,guess_passwd,R2L,NORMAL,0.028228084236853575,tcp,pop_3,SF
10855,snmpguess,R2L,NORMAL,0.02759109009801274,udp,private,SF
10859,guess_passwd,R2L,NORMAL,0.02684588179409887,tcp,pop_3,SF
10863,back,DoS,NORMAL,0.012809688655465466,tcp,http,SF
10865,guess_passwd,R2L,NORMAL,0.027318998252441426,tcp,pop_3,SF
10884,warezmaster,R2L,NORMAL,0.04097377555184644,tcp,ftp_data,SF
10885,smurf,DoS,NORMAL,0.10477885766178172,icmp,ecr_i,SF
10886,guess_passwd,R2L,NORMAL,0.031050626481609382,tcp,pop_3,SF
10890,guess_passwd,R2L,NORMAL,0.0282088840594916,tcp,pop_3,SF
10892,guess_passwd,R2L,NORMAL,0.037877856092425825,tcp,pop_3,SF
10899,back,DoS,NORMAL,0.12255583623972957,tcp,http,RSTR
10905,back,DoS,NORMAL,0.05275597237677584,tcp,http,SF
10907,guess_passwd,R2L,NORMAL,0.026299639764611145,tcp,pop_3,SF
10910,back,DoS,NORMAL,0.013392541952369165,tcp,http,SF
10917,guess_passwd,R2L,NORMAL,0.053596723417621145,tcp,pop_3,SF
10924,saint,Probe,NORMAL,0.1178649454676474,udp,private,SF
10943,guess_passwd,R2L,NORMAL,0.028348500033950796,tcp,pop_3,SF
10955,guess_passwd,R2L,NORMAL,0.02572211163429433,tcp,pop_3,SF
10963,warezmaster,R2L,NORMAL,0.048582096436845384,tcp,ftp_data,SF
10975,warezmaster,R2L,NORMAL,0.03660412429166665,tcp,ftp_data,SF
10976,snmpguess,R2L,NORMAL,0.026882017867454873,udp,private,SF
10983,snmpguess,R2L,NORMAL,0.027054158784861785,udp,private,SF
10985,back,DoS,NORMAL,0.09961022413339563,tcp,http,RSTR
10987,smurf,DoS,NORMAL,0.06170045156505881,icmp,ecr_i,SF
10989,warezmaster,R2L,NORMAL,0.045210125361089024,tcp,ftp_data,SF
10999,saint,Probe,NORMAL,0.06265357096042588,icmp,eco_i,SF
11003,guess_passwd,R2L,NORMAL,0.03437252256253396,tcp,pop_3,SF
11004,ipsweep,Probe,NORMAL,0.10932899165316558,icmp,eco_i,SF
11006,warezmaster,R2L,NORMAL,0.03934957537330621,tcp,ftp_data,SF
11007,mailbomb,DoS,NORMAL,0.03393829256355872,tcp,smtp,SF
11011,back,DoS,NORMAL,0.014924752067078816,tcp,http,SF
11012,guess_passwd,R2L,NORMAL,0.02759560363393661,tcp,pop_3,SF
11021,guess_passwd,R2L,NORMAL,0.05403484112789902,tcp,pop_3,SF
11022,warezmaster,R2L,NORMAL,0.07777336933011278,tcp,ftp_data,SF
11029,snmpguess,R2L,NORMAL,0.0273708315810919,udp,private,SF
11032,pod,DoS,NORMAL,0.09326755046388663,icmp,ecr_i,SF
11044,guess_passwd,R2L,NORMAL,0.036699361387347654,tcp,pop_3,SF
11045,back,DoS,NORMAL,0.013553190469423127,tcp,http,SF
11059,saint,Probe,NORMAL,0.057349576858595874,icmp,eco_i,SF
11060,smurf,DoS,NORMAL,0.12061029601536867,icmp,ecr_i,SF
11061,smurf,DoS,NORMAL,0.10901817873819138,icmp,ecr_i,SF
11068,back,DoS,NORMAL,0.010975675081069561,tcp,http,SF
11091,snmpgetattack,R2L,NORMAL,0.03192867747488853,udp,private,SF
11105,guess_passwd,R2L,NORMAL,0.028769573171427323,tcp,pop_3,SF
11112,smurf,DoS,NORMAL,0.111772560545003,icmp,ecr_i,SF
11120,guess_passwd,R2L,NORMAL,0.03318060953154823,tcp,pop_3,SF
11122,warezmaster,R2L,NORMAL,0.045749567079941586,tcp,ftp_data,SF
11125,mscan,Probe,NORMAL,0.051077760247513114,tcp,sunrpc,REJ
11129,snmpgetattack,R2L,NORMAL,0.028040397007372354,udp,private,SF
11134,guess_passwd,R2L,NORMAL,0.028096267523416152,tcp,pop_3,SF
11142,snmpguess,R2L,NORMAL,0.027711358969018048,udp,private,SF
11149,snmpgetattack,R2L,NORMAL,0.027814121422749624,udp,private,SF
11151,warezmaster,R2L,NORMAL,0.02175162231561109,tcp,ftp_data,SF
11153,mailbomb,DoS,NORMAL,0.01792709496297534,tcp,smtp,SF
11157,processtable,DoS,NORMAL,0.10946871335026415,tcp,telnet,SF
11159,warezmaster,R2L,NORMAL,0.051295068714084756,tcp,ftp_data,SF
11163,back,DoS,NORMAL,0.01307652593680353,tcp,http,SF
11167,snmpguess,R2L,NORMAL,0.027096876511933498,udp,private,SF
11172,back,DoS,NORMAL,0.04237255922063064,tcp,http,SF
11174,guess_passwd,R2L,NORMAL,0.028440501733360067,tcp,pop_3,SF
11186,guess_passwd,R2L,NORMAL,0.028319917500365048,tcp,pop_3,SF
11192,snmpguess,R2L,NORMAL,0.027855507209260156,udp,private,SF
11193,smurf,DoS,NORMAL,0.07878697825041284,icmp,ecr_i,SF
11213,mscan,Probe,NORMAL,0.09059096502678586,tcp,telnet,RSTO
11221,smurf,DoS,NORMAL,0.12488421045204144,icmp,ecr_i,SF
11228,ipsweep,Probe,NORMAL,0.11661816105878059,icmp,eco_i,SF
11244,satan,Probe,NORMAL,0.11788631471874632,udp,other,SF
11245,guess_passwd,R2L,NORMAL,0.028277502490880884,tcp,pop_3,SF
11246,back,DoS,NORMAL,0.01351066400898282,tcp,http,SF
11247,guess_passwd,R2L,NORMAL,0.09376433854985317,tcp,pop_3,SF
11252,smurf,DoS,NORMAL,0.05594346506522027,icmp,ecr_i,SF
11291,saint,Probe,NORMAL,0.1048061312026006,udp,private,SF
11293,snmpguess,R2L,NORMAL,0.02758255783646287,udp,private,SF
11294,snmpguess,R2L,NORMAL,0.027591156762663428,udp,private,SF
11300,guess_passwd,R2L,NORMAL,0.02948498620603575,tcp,pop_3,SF
11301,guess_passwd,R2L,NORMAL,0.02839159822503506,tcp,pop_3,SF
11304,warezmaster,R2L,NORMAL,0.03475767117846636,tcp,ftp_data,SF
11319,mailbomb,DoS,NORMAL,0.09818911248809782,tcp,smtp,SF
11321,smurf,DoS,NORMAL,0.05834496852276401,icmp,ecr_i,SF
11324,back,DoS,NORMAL,0.11191951015295819,tcp,http,SF
11346,smurf,DoS,NORMAL,0.10392302321280028,icmp,ecr_i,SF
11347,mailbomb,DoS,NORMAL,0.07290797874048563,tcp,smtp,SF
11354,smurf,DoS,NORMAL,0.06465837578169781,icmp,ecr_i,SF
11355,smurf,DoS,NORMAL,0.052797185987336716,icmp,ecr_i,SF
11364,mailbomb,DoS,NORMAL,0.03776781727669284,tcp,smtp,SF
11376,smurf,DoS,NORMAL,0.09242804841481266,icmp,ecr_i,SF
11377,snmpguess,R2L,NORMAL,0.02685670998876899,udp,private,SF
11378,guess_passwd,R2L,NORMAL,0.024732246254900926,tcp,pop_3,SF
11379,snmpgetattack,R2L,NORMAL,0.027796772833978498,udp,private,SF
11386,guess_passwd,R2L,NORMAL,0.028064739286462238,tcp,pop_3,SF
11389,ipsweep,Probe,NORMAL,0.08446869467807032,icmp,eco_i,SF
11409,warezmaster,R2L,NORMAL,0.039867110169141955,tcp,ftp_data,SF
11422,mailbomb,DoS,NORMAL,0.052308672242550695,tcp,smtp,SF
11438,mscan,Probe,NORMAL,0.0795748820563997,tcp,imap4,RSTO
11442,guess_passwd,R2L,NORMAL,0.02768025562632657,tcp,pop_3,SF
11448,mailbomb,DoS,NORMAL,0.026681996015370937,tcp,smtp,SF
11467,mailbomb,DoS,NORMAL,0.022301581418130854,tcp,smtp,SF
11471,snmpguess,R2L,NORMAL,0.027555857970069007,udp,private,SF
11472,smurf,DoS,NORMAL,0.11911610086238066,icmp,ecr_i,SF
11478,snmpgetattack,R2L,NORMAL,0.0280422093822968,udp,private,SF
11484,back,DoS,NORMAL,0.013172549163710634,tcp,http,SF
11487,smurf,DoS,NORMAL,0.11100763618075887,icmp,ecr_i,SF
11498,smurf,DoS,NORMAL,0.12778938735858977,icmp,ecr_i,SF
11499,smurf,DoS,NORMAL,0.11953642151425904,icmp,ecr_i,SF
11513,guess_passwd,R2L,NORMAL,0.027167504729106225,tcp,pop_3,SF
11523,warezmaster,R2L,NORMAL,0.04209955997143562,tcp,ftp_data,SF
11528,satan,Probe,NORMAL,0.10539437855210718,udp,other,SF
11530,warezmaster,R2L,NORMAL,0.03544505402467624,tcp,ftp_data,SF
11531,guess_passwd,R2L,NORMAL,0.03018939221319679,tcp,pop_3,SF
11533,mailbomb,DoS,NORMAL,0.02265994193865909,tcp,smtp,SF
11543,warezmaster,R2L,NORMAL,0.03994714354397966,tcp,ftp_data,SF
11546,snmpguess,R2L,NORMAL,0.027949889177273993,udp,private,SF
11549,smurf,DoS,NORMAL,0.0865931896175373,icmp,ecr_i,SF
11555,smurf,DoS,NORMAL,0.10329624170400548,icmp,ecr_i,SF
11564,processtable,DoS,NORMAL,0.10493932228148913,tcp,telnet,SF
11567,warezmaster,R2L,NORMAL,0.04138985716992059,tcp,ftp_data,SF
11568,apache2,DoS,NORMAL,0.06043480150606863,tcp,http,S0
11573,xterm,U2R,NORMAL,0.05142306597503314,tcp,ftp_data,SF
11575,back,DoS,NORMAL,0.11491461125080667,tcp,http,SF
11579,guess_passwd,R2L,NORMAL,0.06409631951798846,tcp,pop_3,SF
11584,back,DoS,NORMAL,0.01194899041320304,tcp,http,SF
11594,satan,Probe,NORMAL,0.12302965967243394,udp,private,SF
11595,snmpguess,R2L,NORMAL,0.02728220282073951,udp,private,SF
11605,mailbomb,DoS,NORMAL,0.03698597825816472,tcp,smtp,SF
11612,smurf,DoS,NORMAL,0.12172356321235858,icmp,ecr_i,SF
11613,warezmaster,R2L,NORMAL,0.04729095957239926,tcp,ftp_data,SF
11643,guess_passwd,R2L,NORMAL,0.029154823984512215,tcp,pop_3,SF
11647,snmpguess,R2L,NORMAL,0.027186967916136107,udp,private,SF
11649,mailbomb,DoS,NORMAL,0.08710921232069081,tcp,smtp,SF
11680,warezmaster,R2L,NORMAL,0.04462838534944221,tcp,ftp_data,SF
11681,mailbomb,DoS,NORMAL,0.03907093756155538,tcp,smtp,SF
11685,ftp_write,R2L,NORMAL,0.028170089377760346,tcp,ftp_data,SF
11692,smurf,DoS,NORMAL,0.06597180909893942,icmp,ecr_i,SF
11714,guess_passwd,R2L,NORMAL,0.0272946109564737,tcp,pop_3,SF
11722,warezmaster,R2L,NORMAL,0.023573353585887056,tcp,ftp_data,SF
11725,smurf,DoS,NORMAL,0.07878416033589024,icmp,ecr_i,SF
11728,ipsweep,Probe,NORMAL,0.10943593610607098,icmp,eco_i,SF
11731,back,DoS,NORMAL,0.013356496244573489,tcp,http,SF
11747,guess_passwd,R2L,NORMAL,0.02865198280483205,tcp,pop_3,SF
11761,smurf,DoS,NORMAL,0.12727757639565757,icmp,ecr_i,SF
11768,mscan,Probe,NORMAL,0.046940578457094886,tcp,telnet,REJ
11780,satan,Probe,NORMAL,0.11111436424216525,udp,private,SF
11781,snmpguess,R2L,NORMAL,0.02728211105609208,udp,private,SF
11801,warezmaster,R2L,NORMAL,0.021666440415995657,tcp,ftp_data,SF
11806,guess_passwd,R2L,NORMAL,0.03897570018186307,tcp,pop_3,SF
11812,guess_passwd,R2L,NORMAL,0.028175326509929596,tcp,pop_3,SF
11816,smurf,DoS,NORMAL,0.062300313534507844,icmp,ecr_i,SF
11819,ipsweep,Probe,NORMAL,0.11201037129683412,icmp,eco_i,SF
11830,guess_passwd,R2L,NORMAL,0.06598548975575368,tcp,pop_3,SF
11831,smurf,DoS,NORMAL,0.07211210226104912,icmp,ecr_i,SF
11832,guess_passwd,R2L,NORMAL,0.028366705769826465,tcp,pop_3,SF
11836,mailbomb,DoS,NORMAL,0.09080267069723424,tcp,smtp,SF
11839,warezmaster,R2L,NORMAL,0.03363239594276128,tcp,ftp_data,SF
11845,smurf,DoS,NORMAL,0.11304777259463844,icmp,ecr_i,SF
11847,guess_passwd,R2L,NORMAL,0.02896876972465655,tcp,pop_3,SF
11858,saint,Probe,NORMAL,0.07458137581348094,icmp,eco_i,SF
11881,mailbomb,DoS,NORMAL,0.024733334427016297,tcp,smtp,SF
11882,saint,Probe,NORMAL,0.050786065018032,icmp,eco_i,SF
11883,smurf,DoS,NORMAL,0.11672005607245953,icmp,ecr_i,SF
11887,smurf,DoS,NORMAL,0.1083575866729151,icmp,ecr_i,SF
11890,guess_passwd,R2L,NORMAL,0.037724848707931136,tcp,pop_3,SF
11895,snmpgetattack,R2L,NORMAL,0.02499673273409851,udp,private,SF
11899,warezmaster,R2L,NORMAL,0.041002839362286186,tcp,ftp_data,SF
11913,mailbomb,DoS,NORMAL,0.07076258187142964,tcp,smtp,SF
11934,warezmaster,R2L,NORMAL,0.021107553933768296,tcp,ftp_data,SF
11945,guess_passwd,R2L,NORMAL,0.02787508604257718,tcp,pop_3,SF
11949,warezmaster,R2L,NORMAL,0.0357950553389889,tcp,ftp_data,SF
11950,guess_passwd,R2L,NORMAL,0.02813494636887373,tcp,pop_3,SF
11954,snmpguess,R2L,NORMAL,0.027263396139302006,udp,private,SF
11962,back,DoS,NORMAL,0.014497248948709707,tcp,http,SF
11986,guess_passwd,R2L,NORMAL,0.02526288359415686,tcp,pop_3,SF
11994,snmpguess,R2L,NORMAL,0.02711002693939456,udp,private,SF
12002,mscan,Probe,NORMAL,0.055785594849288106,tcp,sunrpc,REJ
12007,back,DoS,NORMAL,0.011740549207685766,tcp,http,SF
12019,smurf,DoS,NORMAL,0.05744045929696547,icmp,ecr_i,SF
12025,ipsweep,Probe,NORMAL,0.10979788616482854,icmp,eco_i,SF
12034,guess_passwd,R2L,NORMAL,0.08419843424853315,tcp,pop_3,SF
12040,warezmaster,R2L,NORMAL,0.036236383838653595,tcp,ftp_data,SF
12044,warezmaster,R2L,NORMAL,0.04472962255471272,tcp,ftp_data,SF
12066,apache2,DoS,NORMAL,0.09401407724708119,tcp,http,S0
12071,smurf,DoS,NORMAL,0.05283703940260146,icmp,ecr_i,SF
12076,back,DoS,NORMAL,0.013834513417989268,tcp,http,SF
12084,smurf,DoS,NORMAL,0.05624162091441527,icmp,ecr_i,SF
12090,smurf,DoS,NORMAL,0.12061029810275439,icmp,ecr_i,SF
12093,snmpgetattack,R2L,NORMAL,0.02749834901710606,udp,private,SF
12095,warezmaster,R2L,NORMAL,0.03914534140843352,tcp,ftp_data,SF
12106,warezmaster,R2L,NORMAL,0.03904204743024572,tcp,ftp_data,SF
12107,guess_passwd,R2L,NORMAL,0.02474255575908925,tcp,pop_3,SF
12112,back,DoS,NORMAL,0.013734256345757794,tcp,http,SF
12118,back,DoS,NORMAL,0.014195575525555606,tcp,http,SF
12122,snmpguess,R2L,NORMAL,0.02726344668815662,udp,private,SF
12135,warezmaster,R2L,NORMAL,0.042899276812640524,tcp,ftp_data,SF
12152,back,DoS,NORMAL,0.0065332570510840396,tcp,http,SF
12157,back,DoS,NORMAL,0.012350137692960641,tcp,http,SF
12158,warezmaster,R2L,NORMAL,0.036237634143747144,tcp,ftp_data,SF
12160,guess_passwd,R2L,NORMAL,0.028269518764979663,tcp,pop_3,SF
12170,mscan,Probe,NORMAL,0.08052510165675794,tcp,telnet,RSTO
12171,guess_passwd,R2L,NORMAL,0.028371232174511218,tcp,pop_3,SF
12180,smurf,DoS,NORMAL,0.1119256554070791,icmp,ecr_i,SF
12183,mscan,Probe,NORMAL,0.12464891633915567,tcp,pop_3,RSTO
12189,snmpguess,R2L,NORMAL,0.02702896229673961,udp,private,SF
12206,smurf,DoS,NORMAL,0.1124015997880318,icmp,ecr_i,SF
12219,warezmaster,R2L,NORMAL,0.03723387052342921,tcp,ftp_data,SF
12227,snmpgetattack,R2L,NORMAL,0.05583643191705695,udp,private,SF
12229,snmpgetattack,R2L,NORMAL,0.027542965629003824,udp,private,SF
12233,warezmaster,R2L,NORMAL,0.038206447720129134,tcp,ftp_data,SF
12234,guess_passwd,R2L,NORMAL,0.02865199882810381,tcp,pop_3,SF
12237,ipsweep,Probe,NORMAL,0.11795568743518246,icmp,eco_i,SF
12242,warezmaster,R2L,NORMAL,0.0702116643376618,tcp,ftp_data,SF
12244,warezmaster,R2L,NORMAL,0.04854367032397488,tcp,ftp_data,SF
12255,warezmaster,R2L,NORMAL,0.03314274062943559,tcp,ftp_data,SF
12265,warezmaster,R2L,NORMAL,0.03959057229462555,tcp,ftp_data,SF
12276,smurf,DoS,NORMAL,0.1226455826842278,icmp,ecr_i,SF
12279,smurf,DoS,NORMAL,0.055569321576821214,icmp,ecr_i,SF
12287,smurf,DoS,NORMAL,0.05350873604539893,icmp,ecr_i,SF
12293,snmpguess,R2L,NORMAL,0.027582582059096146,udp,private,SF
12295,ipsweep,Probe,NORMAL,0.11505940949827306,icmp,eco_i,SF
12298,snmpguess,R2L,NORMAL,0.027368338738217205,udp,private,SF
12299,satan,Probe,NORMAL,0.09523744796610381,udp,other,SF
12300,guess_passwd,R2L,NORMAL,0.032068407566809544,tcp,pop_3,SF
12304,smurf,DoS,NORMAL,0.11996335455027518,icmp,ecr_i,SF
12307,guess_passwd,R2L,NORMAL,0.02788880322584108,tcp,pop_3,SF
12315,mailbomb,DoS,NORMAL,0.022059663060878615,tcp,smtp,SF
12323,guess_passwd,R2L,NORMAL,0.04356189722201843,tcp,pop_3,SF
12327,mailbomb,DoS,NORMAL,0.022005886890108205,tcp,smtp,SF
12336,snmpguess,R2L,NORMAL,0.027952382358451346,udp,private,SF
12338,warezmaster,R2L,NORMAL,0.03322412256117938,tcp,ftp_data,SF
12340,snmpgetattack,R2L,NORMAL,0.07402130133040749,udp,private,SF
12341,smurf,DoS,NORMAL,0.07043366393558771,icmp,ecr_i,SF
12344,guess_passwd,R2L,NORMAL,0.03123754496087904,tcp,pop_3,SF
12353,guess_passwd,R2L,NORMAL,0.03455350145840894,tcp,pop_3,SF
12357,snmpguess,R2L,NORMAL,0.02747954881665956,udp,private,SF
12360,mailbomb,DoS,NORMAL,0.06095957699864541,tcp,smtp,SF
12370,smurf,DoS,NORMAL,0.0649912451228437,icmp,ecr_i,SF
12378,mailbomb,DoS,NORMAL,0.025395952129163367,tcp,smtp,SF
12381,warezmaster,R2L,NORMAL,0.023890115474523254,tcp,ftp_data,SF
12384,guess_passwd,R2L,NORMAL,0.037142459879371016,tcp,pop_3,SF
12394,smurf,DoS,NORMAL,0.08958649814525171,icmp,ecr_i,SF
12405,guess_passwd,R2L,NORMAL,0.03340827666233801,tcp,pop_3,SF
12411,pod,DoS,NORMAL,0.09075008059548588,icmp,ecr_i,SF
12414,mscan,Probe,NORMAL,0.102815040770651,tcp,telnet,REJ
12421,mailbomb,DoS,NORMAL,0.11709703607786959,tcp,smtp,SF
12427,mscan,Probe,NORMAL,0.07673975525164357,tcp,telnet,REJ
12441,snmpgetattack,R2L,NORMAL,0.025117495079566832,udp,private,SF
12455,guess_passwd,R2L,NORMAL,0.0347346287013489,tcp,pop_3,SF
12484,guess_passwd,R2L,NORMAL,0.028707581742238152,tcp,pop_3,SF
12496,smurf,DoS,NORMAL,0.10499640258441628,icmp,ecr_i,SF
12498,snmpguess,R2L,NORMAL,0.02736821607548125,udp,private,SF
12503,saint,Probe,NORMAL,0.05716271566488894,icmp,eco_i,SF
12540,warezmaster,R2L,NORMAL,0.04241826992696685,tcp,ftp_data,SF
12551,satan,Probe,NORMAL,0.11321636720708854,udp,other,SF
12553,back,DoS,NORMAL,0.01169728741162196,tcp,http,SF
12557,guess_passwd,R2L,NORMAL,0.027553683757158515,tcp,pop_3,SF
12558,mailbomb,DoS,NORMAL,0.07483882467295533,tcp,smtp,SF
12567,back,DoS,NORMAL,0.01332590493133829,tcp,http,SF
12568,guess_passwd,R2L,NORMAL,0.02747986988700162,tcp,pop_3,SF
12578,mailbomb,DoS,NORMAL,0.11225435743146786,tcp,smtp,SF
12581,mailbomb,DoS,NORMAL,0.01885312316083619,tcp,smtp,SF
12582,smurf,DoS,NORMAL,0.055554322498161446,icmp,ecr_i,SF
12592,guess_passwd,R2L,NORMAL,0.033817304306725186,tcp,pop_3,SF
12597,named,R2L,NORMAL,0.04115721219995247,tcp,ftp_data,SF
12606,warezmaster,R2L,NORMAL,0.1289009795737515,tcp,ftp_data,SF
12615,guess_passwd,R2L,NORMAL,0.03207459636710222,tcp,pop_3,SF
12620,smurf,DoS,NORMAL,0.12406270734037646,icmp,ecr_i,SF
12625,processtable,DoS,NORMAL,0.12039573482855112,tcp,telnet,SF
12629,smurf,DoS,NORMAL,0.06292969986619326,icmp,ecr_i,SF
12633,smurf,DoS,NORMAL,0.0626627121775603,icmp,ecr_i,SF
12645,ipsweep,Probe,NORMAL,0.0575204235777006,icmp,eco_i,SF
12658,rootkit,U2R,NORMAL,0.04893198863906385,tcp,ftp,SF
12659,back,DoS,NORMAL,0.013296379504701687,tcp,http,SF
12662,snmpguess,R2L,NORMAL,0.02747967394243125,udp,private,SF
12666,guess_passwd,R2L,NORMAL,0.028119146348463308,tcp,pop_3,SF
12670,smurf,DoS,NORMAL,0.10564547314196295,icmp,ecr_i,SF
12679,mailbomb,DoS,NORMAL,0.11080971692822993,tcp,smtp,SF
12682,guess_passwd,R2L,NORMAL,0.026882693308539107,tcp,pop_3,SF
12691,smurf,DoS,NORMAL,0.07738106462245845,icmp,ecr_i,SF
12700,back,DoS,NORMAL,0.08282520623969812,tcp,http,SF
12708,smurf,DoS,NORMAL,0.10942446732453372,icmp,ecr_i,SF
12716,snmpgetattack,R2L,NORMAL,0.04405950186397989,udp,private,SF
12721,guess_passwd,R2L,NORMAL,0.028365184154285187,tcp,pop_3,SF
12736,warezmaster,R2L,NORMAL,0.03595574707064434,tcp,ftp_data,SF
12742,guess_passwd,R2L,NORMAL,0.05743287815485885,tcp,pop_3,SF
12743,smurf,DoS,NORMAL,0.07522920898082258,icmp,ecr_i,SF
12745,guess_passwd,R2L,NORMAL,0.027862873049628728,tcp,pop_3,SF
12764,snmpgetattack,R2L,NORMAL,0.027945227991304476,udp,private,SF
12773,warezmaster,R2L,NORMAL,0.051567115829228224,tcp,ftp_data,SF
12774,snmpgetattack,R2L,NORMAL,0.11912422352701672,udp,private,SF
12777,snmpguess,R2L,NORMAL,0.02732926379775212,udp,private,SF
12793,guess_passwd,R2L,NORMAL,0.027608923713007986,tcp,pop_3,SF
12794,snmpguess,R2L,NORMAL,0.02750085244359279,udp,private,SF
12800,saint,Probe,NORMAL,0.07340756585500695,icmp,eco_i,SF
12810,satan,Probe,NORMAL,0.06653361592479194,udp,other,SF
12827,warezmaster,R2L,NORMAL,0.04538512172377485,tcp,ftp_data,SF
12832,back,DoS,NORMAL,0.013372433789663005,tcp,http,SF
12838,guess_passwd,R2L,NORMAL,0.026028057408488355,tcp,pop_3,SF
12841,guess_passwd,R2L,NORMAL,0.03219348944065493,tcp,pop_3,SF
12848,saint,Probe,NORMAL,0.0621177050113378,icmp,eco_i,SF
12851,back,DoS,NORMAL,0.11583199927763885,tcp,http,RSTR
12857,snmpguess,R2L,NORMAL,0.02759110914567484,udp,private,SF
12858,smurf,DoS,NORMAL,0.11598427536875404,icmp,ecr_i,SF
12869,guess_passwd,R2L,NORMAL,0.07587437125780393,tcp,pop_3,SF
12872,guess_passwd,R2L,NORMAL,0.03126398669653785,tcp,pop_3,SF
12877,warezmaster,R2L,NORMAL,0.041198390858148345,tcp,ftp_data,SF
12885,back,DoS,NORMAL,0.013520810119523028,tcp,http,SF
12886,ipsweep,Probe,NORMAL,0.11442467199357403,icmp,eco_i,SF
12901,back,DoS,NORMAL,0.012258441726751045,tcp,http,SF
12902,guess_passwd,R2L,NORMAL,0.026522304212524335,tcp,pop_3,SF
12911,guess_passwd,R2L,NORMAL,0.029589072735857348,tcp,pop_3,SF
12913,guess_passwd,R2L,NORMAL,0.029237420677806582,tcp,pop_3,SF
12928,back,DoS,NORMAL,0.014174420758097541,tcp,http,SF
12929,snmpgetattack,R2L,NORMAL,0.02779672531960871,udp,private,SF
12939,snmpguess,R2L,NORMAL,0.02770211293306624,udp,private,SF
12953,back,DoS,NORMAL,0.014846859555673445,tcp,http,SF
12956,warezmaster,R2L,NORMAL,0.04062269369823484,tcp,ftp_data,SF
12957,guess_passwd,R2L,NORMAL,0.028666585026492764,tcp,pop_3,SF
12958,ipsweep,Probe,NORMAL,0.1117903757522368,icmp,eco_i,SF
12964,guess_passwd,R2L,NORMAL,0.028371091868528986,tcp,pop_3,SF
12986,warezmaster,R2L,NORMAL,0.0409478788724855,tcp,ftp_data,SF
12987,smurf,DoS,NORMAL,0.06466278833773197,icmp,ecr_i,SF
12994,smurf,DoS,NORMAL,0.062089701375250904,icmp,ecr_i,SF
13001,mailbomb,DoS,NORMAL,0.11194349530342984,tcp,smtp,SF
13002,back,DoS,NORMAL,0.01333346061753914,tcp,http,SF
13005,mailbomb,DoS,NORMAL,0.031557825114512834,tcp,smtp,SF
13007,snmpguess,R2L,NORMAL,0.027702359502829545,udp,private,SF
13015,back,DoS,NORMAL,0.013386291540820942,tcp,http,SF
13019,mscan,Probe,NORMAL,0.07341773890631136,tcp,pop_3,REJ
13022,guess_passwd,R2L,NORMAL,0.11753727502350736,tcp,pop_3,SF
13030,smurf,DoS,NORMAL,0.08600831791498169,icmp,ecr_i,SF
13034,warezmaster,R2L,NORMAL,0.03655129471071051,tcp,ftp_data,SF
13039,mscan,Probe,NORMAL,0.07640095739462512,tcp,telnet,RSTO
13045,smurf,DoS,NORMAL,0.07813363412473086,icmp,ecr_i,SF
13058,snmpguess,R2L,NORMAL,0.027581880216989815,udp,private,SF
13062,warezmaster,R2L,NORMAL,0.044356841725689565,tcp,ftp_data,SF
13065,warezmaster,R2L,NORMAL,0.04176377626567731,tcp,ftp_data,SF
13070,mailbomb,DoS,NORMAL,0.01854801307299138,tcp,smtp,SF
13078,guess_passwd,R2L,NORMAL,0.028395790034804413,tcp,pop_3,SF
13079,guess_passwd,R2L,NORMAL,0.027886903789503578,tcp,pop_3,SF
13083,back,DoS,NORMAL,0.014221711011776467,tcp,http,SF
13093,warezmaster,R2L,NORMAL,0.03748490808730529,tcp,ftp_data,SF
13096,saint,Probe,NORMAL,0.0601785510737263,icmp,eco_i,SF
13103,snmpgetattack,R2L,NORMAL,0.11881791214307343,udp,private,SF
13105,back,DoS,NORMAL,0.014090981098812736,tcp,http,SF
13109,snmpgetattack,R2L,NORMAL,0.027814095631654684,udp,private,SF
13140,pod,DoS,NORMAL,0.10145356344037602,icmp,ecr_i,SF
13147,mailbomb,DoS,NORMAL,0.08784066369319371,tcp,smtp,SF
13150,snmpguess,R2L,NORMAL,0.026482428558587203,udp,private,SF
13151,smurf,DoS,NORMAL,0.09647641001157178,icmp,ecr_i,SF
13156,smurf,DoS,NORMAL,0.1041377500471278,icmp,ecr_i,SF
13165,smurf,DoS,NORMAL,0.11849185298972209,icmp,ecr_i,SF
13166,smurf,DoS,NORMAL,0.0753269174227721,icmp,ecr_i,SF
13171,back,DoS,NORMAL,0.013136470759604925,tcp,http,SF
13179,snmpguess,R2L,NORMAL,0.02758170213743232,udp,private,SF
13184,snmpguess,R2L,NORMAL,0.027804918397808624,udp,private,SF
13194,satan,Probe,NORMAL,0.11256031413273579,udp,private,SF
13208,smurf,DoS,NORMAL,0.05353169474742517,icmp,ecr_i,SF
13224,mailbomb,DoS,NORMAL,0.09092876032943907,tcp,smtp,SF
13227,snmpgetattack,R2L,NORMAL,0.02731432988408126,udp,private,SF
13234,guess_passwd,R2L,NORMAL,0.028079933208125792,tcp,pop_3,SF
13244,back,DoS,NORMAL,0.012842578332456386,tcp,http,SF
13248,mscan,Probe,NORMAL,0.062478161092863777,tcp,pm_dump,SF
13257,back,DoS,NORMAL,0.011590986687129743,tcp,http,SF
13259,mscan,Probe,NORMAL,0.05189647503220223,tcp,telnet,REJ
13265,mailbomb,DoS,NORMAL,0.022423907985654832,tcp,smtp,SF
13270,warezmaster,R2L,NORMAL,0.04028693858976205,tcp,ftp_data,SF
13282,snmpguess,R2L,NORMAL,0.027581847876411304,udp,private,SF
13288,mscan,Probe,NORMAL,0.07406226153060816,tcp,telnet,SF
13290,snmpgetattack,R2L,NORMAL,0.02749837308305001,udp,private,SF
13297,back,DoS,NORMAL,0.056812824341626704,tcp,http,SF
13299,snmpguess,R2L,NORMAL,0.027263457422199752,udp,private,SF
13302,multihop,R2L,NORMAL,0.030505369877065473,tcp,ftp_data,SF
13307,guess_passwd,R2L,NORMAL,0.03700168825895065,tcp,pop_3,SF
13310,snmpguess,R2L,NORMAL,0.027493877675523783,udp,private,SF
13319,warezmaster,R2L,NORMAL,0.04194059139530653,tcp,ftp_data,SF
13334,mscan,Probe,NORMAL,0.0559683154371569,tcp,sunrpc,REJ
13335,xlock,R2L,NORMAL,0.04050833178537845,tcp,telnet,SF
13337,warezmaster,R2L,NORMAL,0.037110678723977206,tcp,ftp_data,SF
13344,smurf,DoS,NORMAL,0.06327484131269265,icmp,ecr_i,SF
13362,mailbomb,DoS,NORMAL,0.03327512268424091,tcp,smtp,SF
13363,snmpguess,R2L,NORMAL,0.027591132686693765,udp,private,SF
13371,ipsweep,Probe,NORMAL,0.1169891662626323,icmp,eco_i,SF
13374,mailbomb,DoS,NORMAL,0.03552445106250942,tcp,smtp,SF
13382,smurf,DoS,NORMAL,0.126518601504544,icmp,ecr_i,SF
13386,snmpguess,R2L,NORMAL,0.027949920758529943,udp,private,SF
13387,warezmaster,R2L,NORMAL,0.038735883497082776,tcp,ftp_data,SF
13391,guess_passwd,R2L,NORMAL,0.02845476078831735,tcp,pop_3,SF
13394,smurf,DoS,NORMAL,0.12503084935846984,icmp,ecr_i,SF
13399,guess_passwd,R2L,NORMAL,0.028244276904593437,tcp,pop_3,SF
13414,ipsweep,Probe,NORMAL,0.10940505213190989,icmp,eco_i,SF
13422,guess_passwd,R2L,NORMAL,0.05184848696814964,tcp,pop_3,SF
13424,snmpgetattack,R2L,NORMAL,0.1188021455570015,udp,private,SF
13447,warezmaster,R2L,NORMAL,0.04572960988581509,tcp,ftp_data,SF
13448,snmpguess,R2L,NORMAL,0.02737081633360891,udp,private,SF
13455,snmpguess,R2L,NORMAL,0.027668472794736745,udp,private,SF
13457,snmpgetattack,R2L,NORMAL,0.02717899912747698,udp,private,SF
13461,snmpguess,R2L,NORMAL,0.02715463671367812,udp,private,SF
13462,smurf,DoS,NORMAL,0.12264489492542732,icmp,ecr_i,SF
13464,mailbomb,DoS,NORMAL,0.0395073005477589,tcp,smtp,SF
13476,warezmaster,R2L,NORMAL,0.10775301718048876,tcp,ftp_data,SF
13480,warezmaster,R2L,NORMAL,0.037529678598772286,tcp,ftp_data,SF
13483,ps,U2R,NORMAL,0.11702888809077988,tcp,ftp,SF
13487,warezmaster,R2L,NORMAL,0.024204373697971644,tcp,ftp_data,SF
13496,guess_passwd,R2L,NORMAL,0.03228369648724126,tcp,pop_3,SF
13505,back,DoS,NORMAL,0.05510565619447759,tcp,http,SF
13512,guess_passwd,R2L,NORMAL,0.02735502244216482,tcp,pop_3,SF
13516,mailbomb,DoS,NORMAL,0.08410705363518764,tcp,smtp,SF
13526,mailbomb,DoS,NORMAL,0.0778669853599353,tcp,smtp,SF
13532,snmpgetattack,R2L,NORMAL,0.027590464008219257,udp,private,SF
13537,back,DoS,NORMAL,0.0142316310759163,tcp,http,SF
13552,warezmaster,R2L,NORMAL,0.04260638334160087,tcp,ftp_data,SF
13553,guess_passwd,R2L,NORMAL,0.02920569075600609,tcp,pop_3,SF
13558,guess_passwd,R2L,NORMAL,0.02601800551470398,tcp,pop_3,SF
13559,back,DoS,NORMAL,0.03805876564812144,tcp,http,SF
13565,satan,Probe,NORMAL,0.12703076368110133,udp,private,SF
13585,mailbomb,DoS,NORMAL,0.07280812345555109,tcp,smtp,SF
13591,smurf,DoS,NORMAL,0.053572879245807024,icmp,ecr_i,SF
13603,back,DoS,NORMAL,0.011212542481772949,tcp,http,SF
13605,guess_passwd,R2L,NORMAL,0.03317867574510244,tcp,pop_3,SF
13606,warezmaster,R2L,NORMAL,0.07807869856955194,tcp,ftp_data,SF
13610,processtable,DoS,NORMAL,0.11547939150179164,tcp,telnet,SF
13614,warezmaster,R2L,NORMAL,0.0370299075270037,tcp,ftp_data,SF
13618,mailbomb,DoS,NORMAL,0.07739389809020038,tcp,smtp,SF
13627,guess_passwd,R2L,NORMAL,0.027406297653609347,tcp,pop_3,SF
13637,guess_passwd,R2L,NORMAL,0.11410132595680664,tcp,pop_3,SF
13645,guess_passwd,R2L,NORMAL,0.02958905590794312,tcp,pop_3,SF
13650,back,DoS,NORMAL,0.056165870976390225,tcp,http,SF
13652,smurf,DoS,NORMAL,0.09874747576514237,icmp,ecr_i,SF
13660,guess_passwd,R2L,NORMAL,0.028647943681157043,tcp,pop_3,SF
13674,mailbomb,DoS,NORMAL,0.02673271950303192,tcp,smtp,SF
13675,smurf,DoS,NORMAL,0.08958986016152207,icmp,ecr_i,SF
13684,guess_passwd,R2L,NORMAL,0.027863150671501913,tcp,pop_3,SF
13686,guess_passwd,R2L,NORMAL,0.026603970997462877,tcp,pop_3,SF
13699,guess_passwd,R2L,NORMAL,0.029237407105173533,tcp,pop_3,SF
13704,guess_passwd,R2L,NORMAL,0.02492308753530643,tcp,pop_3,SF
13721,warezmaster,R2L,NORMAL,0.03998277156778884,tcp,ftp_data,SF
13725,guess_passwd,R2L,NORMAL,0.025517085448381233,tcp,pop_3,SF
13726,back,DoS,NORMAL,0.013366232430003101,tcp,http,SF
13728,snmpguess,R2L,NORMAL,0.02795241956587572,udp,private,SF
13733,smurf,DoS,NORMAL,0.06741919653487244,icmp,ecr_i,SF
13736,guess_passwd,R2L,NORMAL,0.02806806055001863,tcp,pop_3,SF
13738,satan,Probe,NORMAL,0.07901669728373328,udp,other,SF
13749,saint,Probe,NORMAL,0.06799356392019612,icmp,eco_i,SF
13755,guess_passwd,R2L,NORMAL,0.026770383346945363,tcp,pop_3,SF
13759,guess_passwd,R2L,NORMAL,0.028731614049710724,tcp,pop_3,SF
13768,snmpgetattack,R2L,NORMAL,0.02726724690339536,udp,private,SF
13771,back,DoS,NORMAL,0.014248427256138896,tcp,http,SF
13775,snmpguess,R2L,NORMAL,0.02737074927482778,udp,private,SF
13778,snmpguess,R2L,NORMAL,0.060377111588949046,udp,private,SF
13780,snmpguess,R2L,NORMAL,0.026676919861008116,udp,private,SF
13782,back,DoS,NORMAL,0.09918164747995886,tcp,http,SF
13791,warezmaster,R2L,NORMAL,0.03989999349473086,tcp,ftp_data,SF
13792,ipsweep,Probe,NORMAL,0.10927962224830662,icmp,eco_i,SF
13807,mscan,Probe,NORMAL,0.05387525444915897,tcp,sunrpc,REJ
13812,snmpguess,R2L,NORMAL,0.02804644559209371,udp,private,SF
13826,guess_passwd,R2L,NORMAL,0.028643927938193904,tcp,pop_3,SF
13827,smurf,DoS,NORMAL,0.10413475881138765,icmp,ecr_i,SF
13843,apache2,DoS,NORMAL,0.06418105738385278,tcp,http,S0
13844,snmpguess,R2L,NORMAL,0.02758172780129683,udp,private,SF
13870,smurf,DoS,NORMAL,0.10706974945310503,icmp,ecr_i,SF
13881,guess_passwd,R2L,NORMAL,0.035030104579370315,tcp,pop_3,SF
13882,guess_passwd,R2L,NORMAL,0.03184223797785084,tcp,pop_3,SF
13883,guess_passwd,R2L,NORMAL,0.04124274839109964,tcp,pop_3,SF
13889,ipsweep,Probe,NORMAL,0.1116782785052056,icmp,eco_i,SF
13897,smurf,DoS,NORMAL,0.05999272349847133,icmp,ecr_i,SF
13915,guess_passwd,R2L,NORMAL,0.034146817390792866,tcp,pop_3,SF
13922,guess_passwd,R2L,NORMAL,0.02809374569262108,tcp,pop_3,SF
13937,ipsweep,Probe,NORMAL,0.110027023583939,icmp,eco_i,SF
13942,warezmaster,R2L,NORMAL,0.0397478858722178,tcp,ftp_data,SF
13947,mailbomb,DoS,NORMAL,0.09304235634199748,tcp,smtp,SF
13956,snmpgetattack,R2L,NORMAL,0.08133465506919466,udp,other,SF
13971,smurf,DoS,NORMAL,0.08172759364464986,icmp,ecr_i,SF
13974,smurf,DoS,NORMAL,0.06296142131919702,icmp,ecr_i,SF
13979,warezmaster,R2L,NORMAL,0.03345099793913257,tcp,ftp_data,SF
14008,snmpgetattack,R2L,NORMAL,0.07402121886560453,udp,private,SF
14013,warezmaster,R2L,NORMAL,0.04283286389553035,tcp,ftp_data,SF
14030,back,DoS,NORMAL,0.012271354709083944,tcp,http,SF
14046,processtable,DoS,NORMAL,0.11877960817812797,tcp,telnet,SF
14051,smurf,DoS,NORMAL,0.07631728056083166,icmp,ecr_i,SF
14062,guess_passwd,R2L,NORMAL,0.02874767917949296,tcp,pop_3,SF
14063,ipsweep,Probe,NORMAL,0.06999709333244483,icmp,eco_i,SF
14076,smurf,DoS,NORMAL,0.07682960801090508,icmp,ecr_i,SF
14080,mailbomb,DoS,NORMAL,0.045505464699979445,tcp,smtp,SF
14081,back,DoS,NORMAL,0.013904380974463922,tcp,http,SF
14083,guess_passwd,R2L,NORMAL,0.024738535941947283,tcp,pop_3,SF
14087,ipsweep,Probe,NORMAL,0.1108911198915314,icmp,eco_i,SF
14088,mailbomb,DoS,NORMAL,0.04419814056223246,tcp,smtp,SF
14094,guess_passwd,R2L,NORMAL,0.03059733079996593,tcp,pop_3,SF
14106,mailbomb,DoS,NORMAL,0.11026405090781406,tcp,smtp,SF
14110,ipsweep,Probe,NORMAL,0.10929295618089911,icmp,eco_i,SF
14112,guess_passwd,R2L,NORMAL,0.028787815672815773,tcp,pop_3,SF
14113,smurf,DoS,NORMAL,0.06929098044103653,icmp,ecr_i,SF
14114,mscan,Probe,NORMAL,0.05804217512435877,tcp,pm_dump,SF
14116,satan,Probe,NORMAL,0.12000230532312293,udp,private,SF
14123,warezmaster,R2L,NORMAL,0.03540237714397837,tcp,ftp_data,SF
14146,smurf,DoS,NORMAL,0.05324271966168423,icmp,ecr_i,SF
14151,mscan,Probe,NORMAL,0.07362981707116473,tcp,sunrpc,REJ
14153,guess_passwd,R2L,NORMAL,0.03443016142741821,tcp,pop_3,SF
14175,smurf,DoS,NORMAL,0.054870119052291826,icmp,ecr_i,SF
14184,smurf,DoS,NORMAL,0.0535242446076601,icmp,ecr_i,SF
14185,snmpguess,R2L,NORMAL,0.02709685139436567,udp,private,SF
14190,smurf,DoS,NORMAL,0.07279208644392153,icmp,ecr_i,SF
14193,guess_passwd,R2L,NORMAL,0.03938206717871078,tcp,pop_3,SF
14198,snmpguess,R2L,NORMAL,0.027282176633860254,udp,private,SF
14202,back,DoS,NORMAL,0.01300755242459945,tcp,http,SF
14205,ipsweep,Probe,NORMAL,0.11080278321783192,icmp,eco_i,SF
14208,named,R2L,NORMAL,0.05497115812156225,tcp,X11,SF
14210,guess_passwd,R2L,NORMAL,0.03325061803033018,tcp,pop_3,SF
14212,warezmaster,R2L,NORMAL,0.04181253445901899,tcp,ftp_data,SF
14215,warezmaster,R2L,NORMAL,0.046490955861271936,tcp,ftp_data,SF
14217,snmpguess,R2L,NORMAL,0.02785551129564201,udp,private,SF
14225,mailbomb,DoS,NORMAL,0.04968124274270793,tcp,smtp,SF
14228,snmpguess,R2L,NORMAL,0.026856665464973672,udp,private,SF
14243,snmpguess,R2L,NORMAL,0.02771131852886539,udp,private,SF
14249,smurf,DoS,NORMAL,0.06111252761405774,icmp,ecr_i,SF
14253,back,DoS,NORMAL,0.014380763660851925,tcp,http,SF
14256,saint,Probe,NORMAL,0.061073111712121236,icmp,eco_i,SF
14279,warezmaster,R2L,NORMAL,0.038434239414729315,tcp,ftp_data,SF
14282,guess_passwd,R2L,NORMAL,0.02876091301550333,tcp,pop_3,SF
14283,back,DoS,NORMAL,0.014294965209088087,tcp,http,SF
14294,smurf,DoS,NORMAL,0.10998828878894816,icmp,ecr_i,SF
14302,back,DoS,NORMAL,0.012304640090759772,tcp,http,SF
14314,guess_passwd,R2L,NORMAL,0.028344060016577317,tcp,pop_3,SF
14315,guess_passwd,R2L,NORMAL,0.04330687572959306,tcp,pop_3,SF
14321,back,DoS,NORMAL,0.013528839136045292,tcp,http,SF
14327,snmpgetattack,R2L,NORMAL,0.027469694574092984,udp,private,SF
14342,warezmaster,R2L,NORMAL,0.04194707092859506,tcp,ftp_data,SF
14347,warezmaster,R2L,NORMAL,0.05161737579382957,tcp,ftp_data,SF
14348,warezmaster,R2L,NORMAL,0.051006900659713056,tcp,ftp_data,SF
14355,snmpgetattack,R2L,NORMAL,0.028042224630305913,udp,private,SF
14366,snmpguess,R2L,NORMAL,0.02780570346347822,udp,private,SF
14375,smurf,DoS,NORMAL,0.08861938624773556,icmp,ecr_i,SF
14377,ipsweep,Probe,NORMAL,0.07198142986453518,icmp,eco_i,SF
14385,back,DoS,NORMAL,0.01449925207722088,tcp,http,SF
14403,warezmaster,R2L,NORMAL,0.05552414552510716,tcp,ftp_data,SF
14411,smurf,DoS,NORMAL,0.09773966663245894,icmp,ecr_i,SF
14424,warezmaster,R2L,NORMAL,0.05770592044347161,tcp,ftp_data,SF
14431,warezmaster,R2L,NORMAL,0.04764044514745788,tcp,ftp_data,SF
14435,smurf,DoS,NORMAL,0.05971084274966773,icmp,ecr_i,SF
14488,ps,U2R,NORMAL,0.039570999892624116,tcp,ftp,SF
14492,smurf,DoS,NORMAL,0.11071292940104535,icmp,ecr_i,SF
14537,snmpguess,R2L,NORMAL,0.02706844069881209,udp,private,SF
14544,back,DoS,NORMAL,0.013797915125288635,tcp,http,SF
14546,snmpguess,R2L,NORMAL,0.027186947489397227,udp,private,SF
14551,snmpguess,R2L,NORMAL,0.027282124534980065,udp,private,SF
14562,back,DoS,NORMAL,0.01406871043863097,tcp,http,SF
14570,snmpgetattack,R2L,NORMAL,0.07380944070113571,udp,private,SF
14590,smurf,DoS,NORMAL,0.10915357199000772,icmp,ecr_i,SF
14592,mailbomb,DoS,NORMAL,0.04861957315476942,tcp,smtp,SF
14593,guess_passwd,R2L,NORMAL,0.02734242499355745,tcp,pop_3,SF
14597,back,DoS,NORMAL,0.013485692069373403,tcp,http,SF
14599,smurf,DoS,NORMAL,0.05412798912753615,icmp,ecr_i,SF
14606,warezmaster,R2L,NORMAL,0.03835669891711857,tcp,ftp_data,SF
14613,guess_passwd,R2L,NORMAL,0.029120860528861453,tcp,pop_3,SF
14616,snmpguess,R2L,NORMAL,0.027319545945638415,udp,private,SF
14621,mscan,Probe,NORMAL,0.10479456799445303,tcp,telnet,REJ
14631,satan,Probe,NORMAL,0.1285377200434301,udp,private,SF
14633,smurf,DoS,NORMAL,0.11709435556718982,icmp,ecr_i,SF
14637,snmpguess,R2L,NORMAL,0.027493848081933614,udp,private,SF
14639,warezmaster,R2L,NORMAL,0.04869428983139727,tcp,ftp_data,SF
14641,processtable,DoS,NORMAL,0.10775106845179976,tcp,telnet,SF
14649,back,DoS,NORMAL,0.03454097890063634,tcp,http,SF
14664,guess_passwd,R2L,NORMAL,0.025147482542938013,tcp,pop_3,SF
14670,mscan,Probe,NORMAL,0.043637166338790716,tcp,telnet,REJ
14673,guess_passwd,R2L,NORMAL,0.02720811146295221,tcp,pop_3,SF
14681,ipsweep,Probe,NORMAL,0.07382226874792908,icmp,eco_i,SF
14685,back,DoS,NORMAL,0.0457872362685261,tcp,http,SF
14686,smurf,DoS,NORMAL,0.07965450932966203,icmp,ecr_i,SF
14703,guess_passwd,R2L,NORMAL,0.0285824320230928,tcp,pop_3,SF
14715,mailbomb,DoS,NORMAL,0.021944864376494115,tcp,smtp,SF
14717,mscan,Probe,NORMAL,0.08892515213843787,tcp,sunrpc,REJ
14719,smurf,DoS,NORMAL,0.07644260243444358,icmp,ecr_i,SF
14726,warezmaster,R2L,NORMAL,0.06575403083626027,tcp,ftp_data,SF
14729,smurf,DoS,NORMAL,0.08745611770360855,icmp,ecr_i,SF
14737,guess_passwd,R2L,NORMAL,0.028079943311725253,tcp,pop_3,SF
14739,warezmaster,R2L,NORMAL,0.040479931793947044,tcp,ftp_data,SF
14743,snmpguess,R2L,NORMAL,0.02766846369185804,udp,private,SF
14747,guess_passwd,R2L,NORMAL,0.028134919788428837,tcp,pop_3,SF
14748,snmpguess,R2L,NORMAL,0.027096943971250016,udp,private,SF
14756,mscan,Probe,NORMAL,0.12268012870222551,tcp,imap4,RSTO
14769,snmpguess,R2L,NORMAL,0.027582627531857407,udp,private,SF
14775,saint,Probe,NORMAL,0.0686928046222541,icmp,eco_i,SF
14783,smurf,DoS,NORMAL,0.12195220009460996,icmp,ecr_i,SF
14787,warezmaster,R2L,NORMAL,0.025418669177056093,tcp,ftp_data,SF
14794,processtable,DoS,NORMAL,0.11311257994631167,tcp,telnet,SF
14810,back,DoS,NORMAL,0.013409232064559377,tcp,http,SF
14811,guess_passwd,R2L,NORMAL,0.054911738250831676,tcp,pop_3,SF
14818,mscan,Probe,NORMAL,0.08068291592392995,tcp,telnet,RSTO
14825,back,DoS,NORMAL,0.011364791181124406,tcp,http,SF
14852,snmpguess,R2L,NORMAL,0.02755593550948927,udp,private,SF
14856,guess_passwd,R2L,NORMAL,0.028289477928283718,tcp,pop_3,SF
14863,smurf,DoS,NORMAL,0.056052104193252565,icmp,ecr_i,SF
14873,snmpguess,R2L,NORMAL,0.02733030928761569,udp,private,SF
14879,warezmaster,R2L,NORMAL,0.03615181163018729,tcp,ftp_data,SF
14888,back,DoS,NORMAL,0.01304078844911589,tcp,http,SF
14889,guess_passwd,R2L,NORMAL,0.028099454155540597,tcp,pop_3,SF
14896,guess_passwd,R2L,NORMAL,0.03235922402478083,tcp,pop_3,SF
14898,snmpgetattack,R2L,NORMAL,0.05941628748546979,udp,private,SF
14903,guess_passwd,R2L,NORMAL,0.028856784213432383,tcp,pop_3,SF
14917,snmpguess,R2L,NORMAL,0.027263466151219475,udp,private,SF
14932,mscan,Probe,NORMAL,0.12804272263731692,tcp,telnet,RSTO
14940,mailbomb,DoS,NORMAL,0.06784331984423629,tcp,smtp,SF
14948,guess_passwd,R2L,NORMAL,0.027116366403008706,tcp,pop_3,SF
14950,warezmaster,R2L,NORMAL,0.03929663089951844,tcp,ftp_data,SF
14958,guess_passwd,R2L,NORMAL,0.02839578966879648,tcp,pop_3,SF
14974,satan,Probe,NORMAL,0.11629843678288082,udp,private,SF
14985,warezmaster,R2L,NORMAL,0.036323681815509705,tcp,ftp_data,SF
14986,warezmaster,R2L,NORMAL,0.04468420939118632,tcp,ftp_data,SF
15000,mailbomb,DoS,NORMAL,0.0642919730469712,tcp,smtp,SF
15008,back,DoS,NORMAL,0.013939987583370752,tcp,http,SF
15013,mailbomb,DoS,NORMAL,0.044225363544000494,tcp,smtp,SF
15015,guess_passwd,R2L,NORMAL,0.02868261435940574,tcp,pop_3,SF
15023,guess_passwd,R2L,NORMAL,0.028319930140094728,tcp,pop_3,SF
15030,back,DoS,NORMAL,0.012736195682446915,tcp,http,SF
15031,ipsweep,Probe,NORMAL,0.06869829515891511,icmp,eco_i,SF
15042,mailbomb,DoS,NORMAL,0.08540692876821857,tcp,smtp,SF
15046,warezmaster,R2L,NORMAL,0.04557132962852119,tcp,ftp_data,SF
15052,pod,DoS,NORMAL,0.07459473202550233,icmp,ecr_i,SF
15054,multihop,R2L,NORMAL,0.056307264139138016,udp,other,SF
15058,guess_passwd,R2L,NORMAL,0.03476483105071234,tcp,pop_3,SF
15071,snmpguess,R2L,NORMAL,0.02747865969116589,udp,private,SF
15078,mailbomb,DoS,NORMAL,0.07012858816911999,tcp,smtp,SF
15083,mailbomb,DoS,NORMAL,0.11130029472457457,tcp,smtp,SF
15086,back,DoS,NORMAL,0.07581694410095095,tcp,http,RSTR
15092,guess_passwd,R2L,NORMAL,0.026706189808290724,tcp,pop_3,SF
15099,guess_passwd,R2L,NORMAL,0.1178640684102447,tcp,pop_3,SF
15100,guess_passwd,R2L,NORMAL,0.02698478293199418,tcp,pop_3,SF
15107,mscan,Probe,NORMAL,0.11136725072656031,tcp,telnet,SF
15133,smurf,DoS,NORMAL,0.06335166070706039,icmp,ecr_i,SF
15134,smurf,DoS,NORMAL,0.053531355517815786,icmp,ecr_i,SF
15143,guess_passwd,R2L,NORMAL,0.028386581597142305,tcp,pop_3,SF
15145,snmpguess,R2L,NORMAL,0.027503398767018274,udp,private,SF
15154,guess_passwd,R2L,NORMAL,0.02674551444101554,tcp,pop_3,SF
15156,guess_passwd,R2L,NORMAL,0.11127417026894632,tcp,pop_3,SF
15160,smurf,DoS,NORMAL,0.10054225531243384,icmp,ecr_i,SF
15162,guess_passwd,R2L,NORMAL,0.026660235990327765,tcp,pop_3,SF
15165,snmpguess,R2L,NORMAL,0.026598967172405983,udp,private,SF
15171,guess_passwd,R2L,NORMAL,0.028386585377348755,tcp,pop_3,SF
15172,snmpguess,R2L,NORMAL,0.027711223951091143,udp,private,SF
15195,warezmaster,R2L,NORMAL,0.03549945726609819,tcp,ftp_data,SF
15207,warezmaster,R2L,NORMAL,0.04503000278563657,tcp,ftp_data,SF
15213,smurf,DoS,NORMAL,0.05483750315935928,icmp,ecr_i,SF
15217,pod,DoS,NORMAL,0.06891984709178794,icmp,tim_i,SF
15220,processtable,DoS,NORMAL,0.12445325132540574,tcp,telnet,SF
15221,smurf,DoS,NORMAL,0.1275328249264081,icmp,ecr_i,SF
15224,guess_passwd,R2L,NORMAL,0.025436674118848323,tcp,pop_3,SF
15225,guess_passwd,R2L,NORMAL,0.027381809560238363,tcp,pop_3,SF
15232,guess_passwd,R2L,NORMAL,0.02866658049858638,tcp,pop_3,SF
15243,ipsweep,Probe,NORMAL,0.11427143191228131,icmp,eco_i,SF
15247,guess_passwd,R2L,NORMAL,0.027536912435881123,tcp,pop_3,SF
15253,mailbomb,DoS,NORMAL,0.022253717730692173,tcp,smtp,SF
15263,snmpguess,R2L,NORMAL,0.0278057578244104,udp,private,SF
15271,back,DoS,NORMAL,0.011184724749978989,tcp,http,SF
15273,smurf,DoS,NORMAL,0.05365636995732145,icmp,ecr_i,SF
15290,back,DoS,NORMAL,0.01471288910831096,tcp,http,SF
15294,warezmaster,R2L,NORMAL,0.04388818637271426,tcp,ftp_data,SF
15295,smurf,DoS,NORMAL,0.0571937958449586,icmp,ecr_i,SF
15299,mscan,Probe,NORMAL,0.05831831657331201,tcp,sunrpc,REJ
15303,smurf,DoS,NORMAL,0.0871880680514409,icmp,ecr_i,SF
15309,guess_passwd,R2L,NORMAL,0.029205676579153957,tcp,pop_3,SF
15314,snmpguess,R2L,NORMAL,0.027096881287293335,udp,private,SF
15320,back,DoS,NORMAL,0.10025448059016145,tcp,http,SF
15321,warezmaster,R2L,NORMAL,0.028099390481314795,tcp,ftp_data,SF
15324,snmpgetattack,R2L,NORMAL,0.030028488203328638,udp,private,SF
15325,snmpguess,R2L,NORMAL,0.027368234740690115,udp,private,SF
15337,guess_passwd,R2L,NORMAL,0.1172131927020308,tcp,pop_3,SF
15338,guess_passwd,R2L,NORMAL,0.06639705399170498,tcp,telnet,SF
15339,mscan,Probe,NORMAL,0.09892545323769245,tcp,telnet,RSTO
15351,guess_passwd,R2L,NORMAL,0.02471527292400416,tcp,pop_3,SF
15355,mscan,Probe,NORMAL,0.0947206864308524,tcp,telnet,RSTO
15365,snmpguess,R2L,NORMAL,0.027282101341948545,udp,private,SF
15369,guess_passwd,R2L,NORMAL,0.028075353292527003,tcp,pop_3,SF
15370,guess_passwd,R2L,NORMAL,0.030256470257707623,tcp,pop_3,SF
15375,mailbomb,DoS,NORMAL,0.07929007507665223,tcp,smtp,SF
15380,smurf,DoS,NORMAL,0.05442384502464319,icmp,ecr_i,SF
15401,ipsweep,Probe,NORMAL,0.10935052394725882,icmp,eco_i,SF
15414,warezmaster,R2L,NORMAL,0.03352939159678702,tcp,ftp_data,SF
15420,snmpguess,R2L,NORMAL,0.027804888382418406,udp,private,SF
15436,guess_passwd,R2L,NORMAL,0.028053300893591045,tcp,pop_3,SF
15437,guess_passwd,R2L,NORMAL,0.026953666127944784,tcp,pop_3,SF
15443,smurf,DoS,NORMAL,0.08791554628323742,icmp,ecr_i,SF
15462,guess_passwd,R2L,NORMAL,0.028026678760977614,tcp,pop_3,SF
15467,ipsweep,Probe,NORMAL,0.06829206478985206,icmp,eco_i,SF
15472,mailbomb,DoS,NORMAL,0.09021948226998654,tcp,smtp,SF
15474,guess_passwd,R2L,NORMAL,0.025396018256753316,tcp,pop_3,SF
15490,warezmaster,R2L,NORMAL,0.02675281428917407,tcp,ftp_data,SF
15494,processtable,DoS,NORMAL,0.11550513685579747,tcp,telnet,SF
15503,smurf,DoS,NORMAL,0.12082805191916632,icmp,ecr_i,SF
15512,apache2,DoS,NORMAL,0.07462895157744413,tcp,http,S0
15513,smurf,DoS,NORMAL,0.0782924029043164,icmp,ecr_i,SF
15520,snmpgetattack,R2L,NORMAL,0.027544149507836575,udp,private,SF
15522,back,DoS,NORMAL,0.013520604556522466,tcp,http,SF
15526,mscan,Probe,NORMAL,0.04858464622395636,tcp,telnet,REJ
15532,satan,Probe,NORMAL,0.10121133222355506,udp,private,SF
15533,smurf,DoS,NORMAL,0.09807000434081992,icmp,ecr_i,SF
15538,guess_passwd,R2L,NORMAL,0.02565135530347893,tcp,pop_3,SF
15543,buffer_overflow,U2R,NORMAL,0.04089593470114684,tcp,ftp_data,SF
15545,snmpgetattack,R2L,NORMAL,0.027469661343137355,udp,private,SF
15549,back,DoS,NORMAL,0.1215942889296375,tcp,http,RSTR
15557,guess_passwd,R2L,NORMAL,0.025394022881839718,tcp,pop_3,SF
15574,saint,Probe,NORMAL,0.12492197717339738,udp,private,SF
15578,snmpguess,R2L,NORMAL,0.027668454121509523,udp,private,SF
15581,guess_passwd,R2L,NORMAL,0.034475055804427966,tcp,pop_3,SF
15584,processtable,DoS,NORMAL,0.10906619291071919,tcp,telnet,SF
15587,mailbomb,DoS,NORMAL,0.04927980874349881,tcp,smtp,SF
15594,warezmaster,R2L,NORMAL,0.037079992068412004,tcp,ftp_data,SF
15595,back,DoS,NORMAL,0.014350619320533208,tcp,http,SF
15600,snmpguess,R2L,NORMAL,0.027805722611241996,udp,private,SF
15621,smurf,DoS,NORMAL,0.07767382224932225,icmp,ecr_i,SF
15624,guess_passwd,R2L,NORMAL,0.051088679374905556,tcp,pop_3,SF
15625,ipsweep,Probe,NORMAL,0.1130581227386793,icmp,eco_i,SF
15646,saint,Probe,NORMAL,0.07473348108673193,icmp,eco_i,SF
15650,warezmaster,R2L,NORMAL,0.04252135042771468,tcp,ftp_data,SF
15655,snmpguess,R2L,NORMAL,0.02759805322359402,udp,private,SF
15663,ipsweep,Probe,NORMAL,0.11717796197334591,icmp,eco_i,SF
15665,warezmaster,R2L,NORMAL,0.02134784325284206,tcp,ftp_data,SF
15667,saint,Probe,NORMAL,0.06382820042398239,icmp,eco_i,SF
15668,mailbomb,DoS,NORMAL,0.06174891331657596,tcp,smtp,SF
15672,snmpguess,R2L,NORMAL,0.02766848210036979,udp,private,SF
15690,guess_passwd,R2L,NORMAL,0.027669160838410256,tcp,pop_3,SF
15696,ipsweep,Probe,NORMAL,0.06222771241447512,icmp,eco_i,SF
15699,guess_passwd,R2L,NORMAL,0.03222418474035277,tcp,pop_3,SF
15722,mailbomb,DoS,NORMAL,0.022001393989352493,tcp,smtp,SF
15723,guess_passwd,R2L,NORMAL,0.04430554864945421,tcp,pop_3,SF
15724,snmpguess,R2L,NORMAL,0.02780498017507495,udp,private,SF
15750,mscan,Probe,NORMAL,0.06948556991207723,tcp,pop_3,REJ
15752,mailbomb,DoS,NORMAL,0.022000344634105173,tcp,smtp,SF
15756,warezmaster,R2L,NORMAL,0.03418882354692703,tcp,ftp_data,SF
15763,warezmaster,R2L,NORMAL,0.04097940649761454,tcp,ftp_data,SF
15772,smurf,DoS,NORMAL,0.05352439212160243,icmp,ecr_i,SF
15775,guess_passwd,R2L,NORMAL,0.028253844160250913,tcp,pop_3,SF
15777,back,DoS,NORMAL,0.013663193027732558,tcp,http,SF
15779,mailbomb,DoS,NORMAL,0.12452367279396531,tcp,smtp,SF
15787,mailbomb,DoS,NORMAL,0.11700392468323337,tcp,smtp,SF
15789,guess_passwd,R2L,NORMAL,0.027298861442988813,tcp,pop_3,SF
15790,snmpguess,R2L,NORMAL,0.0277033782496513,udp,private,SF
15798,back,DoS,NORMAL,0.013397325398588348,tcp,http,SF
15804,satan,Probe,NORMAL,0.09260987555837853,udp,other,SF
15805,mscan,Probe,NORMAL,0.07491057932724866,tcp,imap4,RSTO
15809,mscan,Probe,NORMAL,0.08320655052730129,tcp,sunrpc,REJ
15810,mailbomb,DoS,NORMAL,0.022301440037589066,tcp,smtp,SF
15822,warezmaster,R2L,NORMAL,0.07779444317669601,tcp,ftp_data,SF
15829,guess_passwd,R2L,NORMAL,0.028280200860182,tcp,pop_3,SF
15841,saint,Probe,NORMAL,0.07675922449579446,icmp,eco_i,SF
15846,mscan,Probe,NORMAL,0.09442851621619956,tcp,telnet,REJ
15847,snmpgetattack,R2L,NORMAL,0.12074807186223256,udp,private,SF
15855,smurf,DoS,NORMAL,0.09909496616053091,icmp,ecr_i,SF
15871,warezmaster,R2L,NORMAL,0.03627218929213056,tcp,ftp_data,SF
15878,snmpguess,R2L,NORMAL,0.028046471830097598,udp,private,SF
15888,ipsweep,Probe,NORMAL,0.11815565498964771,icmp,eco_i,SF
15890,snmpgetattack,R2L,NORMAL,0.025817439807916093,udp,private,SF
15892,smurf,DoS,NORMAL,0.11240161888094195,icmp,ecr_i,SF
15897,guess_passwd,R2L,NORMAL,0.11565050632630144,tcp,pop_3,SF
15902,guess_passwd,R2L,NORMAL,0.03420374942100385,tcp,pop_3,SF
15909,warezmaster,R2L,NORMAL,0.023525488813506728,tcp,ftp_data,SF
15912,warezmaster,R2L,NORMAL,0.03595255186158352,tcp,ftp_data,SF
15915,mailbomb,DoS,NORMAL,0.06184224425698328,tcp,smtp,SF
15919,guess_passwd,R2L,NORMAL,0.028711527689385216,tcp,pop_3,SF
15923,guess_passwd,R2L,NORMAL,0.028666582092821843,tcp,pop_3,SF
15936,back,DoS,NORMAL,0.01276179452497361,tcp,http,SF
15937,snmpgetattack,R2L,NORMAL,0.05210051457134593,udp,private,SF
15938,snmpguess,R2L,NORMAL,0.02728213923333236,udp,private,SF
15942,ipsweep,Probe,NORMAL,0.10930992841674424,icmp,eco_i,SF
15943,back,DoS,NORMAL,0.03347531799152633,tcp,http,SF
15945,guess_passwd,R2L,NORMAL,0.02704907081007277,tcp,pop_3,SF
15975,guess_passwd,R2L,NORMAL,0.02764990449720554,tcp,pop_3,SF
15977,processtable,DoS,NORMAL,0.11302937310582949,tcp,telnet,SF
15978,warezmaster,R2L,NORMAL,0.03952108499752707,tcp,ftp_data,SF
15979,saint,Probe,NORMAL,0.05538564273431417,icmp,eco_i,SF
15982,back,DoS,NORMAL,0.01396869976277247,tcp,http,SF
15985,warezmaster,R2L,NORMAL,0.0365633945474944,tcp,ftp_data,SF
15993,warezmaster,R2L,NORMAL,0.04961416559064211,tcp,ftp_data,SF
15996,guess_passwd,R2L,NORMAL,0.026928129073988314,tcp,pop_3,SF
16013,saint,Probe,NORMAL,0.05674240883969212,icmp,eco_i,SF
16014,snmpguess,R2L,NORMAL,0.02695396133560884,udp,private,SF
16041,guess_passwd,R2L,NORMAL,0.025651349536017935,tcp,pop_3,SF
16053,snmpguess,R2L,NORMAL,0.0275911669385408,udp,private,SF
16054,back,DoS,NORMAL,0.014321482717441991,tcp,http,SF
16058,warezmaster,R2L,NORMAL,0.03733432122617903,tcp,ftp_data,SF
16065,mscan,Probe,NORMAL,0.08796479627397216,tcp,pop_3,SF
16074,warezmaster,R2L,NORMAL,0.038098375771557995,tcp,ftp_data,SF
16090,guess_passwd,R2L,NORMAL,0.025699071688905263,tcp,pop_3,SF
16096,guess_passwd,R2L,NORMAL,0.06301044820008958,tcp,pop_3,SF
16098,mailbomb,DoS,NORMAL,0.05822748115660916,tcp,smtp,SF
16099,snmpguess,R2L,NORMAL,0.026837498279980998,udp,private,SF
16107,warezmaster,R2L,NORMAL,0.024208249839384105,tcp,ftp_data,SF
16118,smurf,DoS,NORMAL,0.1138793365400313,icmp,ecr_i,SF
16138,smurf,DoS,NORMAL,0.055554196530393445,icmp,ecr_i,SF
16141,snmpgetattack,R2L,NORMAL,0.025883961297586893,udp,private,SF
16150,mscan,Probe,NORMAL,0.07749263124784848,tcp,pm_dump,SF
16162,snmpguess,R2L,NORMAL,0.027855495404371686,udp,private,SF
16169,snmpgetattack,R2L,NORMAL,0.027802177388165504,udp,private,SF
16176,mscan,Probe,NORMAL,0.10367621602089944,tcp,telnet,REJ
16184,warezmaster,R2L,NORMAL,0.05831893708528596,tcp,ftp_data,SF
16192,mailbomb,DoS,NORMAL,0.10581579513965264,tcp,smtp,SF
16196,warezmaster,R2L,NORMAL,0.03602565549673421,tcp,ftp_data,SF
16201,guess_passwd,R2L,NORMAL,0.027569619079641818,tcp,pop_3,SF
16203,guess_passwd,R2L,NORMAL,0.026000888013367505,tcp,pop_3,SF
16208,warezmaster,R2L,NORMAL,0.03863994185103144,tcp,ftp_data,SF
16223,smurf,DoS,NORMAL,0.07420898859133426,icmp,ecr_i,SF
16224,smurf,DoS,NORMAL,0.09725514548319616,icmp,ecr_i,SF
16228,guess_passwd,R2L,NORMAL,0.028715512734296185,tcp,pop_3,SF
16229,smurf,DoS,NORMAL,0.0614567342985579,icmp,ecr_i,SF
16232,smurf,DoS,NORMAL,0.08405325261068247,icmp,ecr_i,SF
16237,guess_passwd,R2L,NORMAL,0.028925228194845262,tcp,pop_3,SF
16239,snmpguess,R2L,NORMAL,0.027284056129312236,udp,private,SF
16243,warezmaster,R2L,NORMAL,0.046470811429396366,tcp,ftp_data,SF
16247,satan,Probe,NORMAL,0.12584096793100313,udp,private,SF
16249,guess_passwd,R2L,NORMAL,0.02861016718125144,tcp,pop_3,SF
16255,mailbomb,DoS,NORMAL,0.06630420402503498,tcp,smtp,SF
16270,back,DoS,NORMAL,0.013218105570142214,tcp,http,SF
16290,ipsweep,Probe,NORMAL,0.11009067481139878,icmp,eco_i,SF
16292,guess_passwd,R2L,NORMAL,0.03684448297983253,tcp,pop_3,SF
16295,snmpguess,R2L,NORMAL,0.026837574454946646,udp,private,SF
16297,snmpgetattack,R2L,NORMAL,0.027579229922021622,udp,private,SF
16302,snmpgetattack,R2L,NORMAL,0.02747659399130338,udp,private,SF
16304,smurf,DoS,NORMAL,0.06766106923909926,icmp,ecr_i,SF
16305,snmpguess,R2L,NORMAL,0.027702320175543676,udp,private,SF
16312,snmpgetattack,R2L,NORMAL,0.027586513274493612,udp,private,SF
16321,ipsweep,Probe,NORMAL,0.11489727672762153,icmp,eco_i,SF
16325,guess_passwd,R2L,NORMAL,0.027325151530905756,tcp,pop_3,SF
16327,warezmaster,R2L,NORMAL,0.03592065704369796,tcp,ftp_data,SF
16328,mscan,Probe,NORMAL,0.04453255524200842,tcp,telnet,REJ
16343,back,DoS,NORMAL,0.07280885744754537,tcp,http,RSTR
16346,guess_passwd,R2L,NORMAL,0.02828151903713528,tcp,pop_3,SF
16347,back,DoS,NORMAL,0.08325049326209259,tcp,http,SF
16369,mailbomb,DoS,NORMAL,0.082027506976971,tcp,smtp,SF
16372,mscan,Probe,NORMAL,0.05703617067246279,tcp,telnet,REJ
16384,back,DoS,NORMAL,0.012789546123611769,tcp,http,SF
16386,guess_passwd,R2L,NORMAL,0.039149456159715344,tcp,pop_3,SF
16390,guess_passwd,R2L,NORMAL,0.02676319322854909,tcp,pop_3,SF
16406,back,DoS,NORMAL,0.011474853384367554,tcp,http,SF
16427,guess_passwd,R2L,NORMAL,0.026049424450129508,tcp,pop_3,SF
16452,smurf,DoS,NORMAL,0.10434810111582069,icmp,ecr_i,SF
16454,snmpguess,R2L,NORMAL,0.0275980262972005,udp,private,SF
16455,mailbomb,DoS,NORMAL,0.03855478074495294,tcp,smtp,SF
16457,snmpguess,R2L,NORMAL,0.02770345524735308,udp,private,SF
16465,warezmaster,R2L,NORMAL,0.03916676084734316,tcp,ftp_data,SF
16467,smurf,DoS,NORMAL,0.11544359254969042,icmp,ecr_i,SF
16469,ipsweep,Probe,NORMAL,0.11069311648196277,icmp,eco_i,SF
16473,snmpguess,R2L,NORMAL,0.02758252412775359,udp,private,SF
16478,guess_passwd,R2L,NORMAL,0.027647498938835738,tcp,pop_3,SF
16479,mscan,Probe,NORMAL,0.08017822842480352,tcp,telnet,REJ
16481,guess_passwd,R2L,NORMAL,0.0282483229146746,tcp,pop_3,SF
16488,snmpguess,R2L,NORMAL,0.027154581346839037,udp,private,SF
16506,smurf,DoS,NORMAL,0.07116039019555358,icmp,ecr_i,SF
16507,back,DoS,NORMAL,0.014035684858140197,tcp,http,SF
16517,smurf,DoS,NORMAL,0.1172831388482001,icmp,ecr_i,SF
16518,snmpgetattack,R2L,NORMAL,0.027464754150020407,udp,private,SF
16525,back,DoS,NORMAL,0.006406518523947108,tcp,http,SF
16526,guess_passwd,R2L,NORMAL,0.029159158252606038,tcp,pop_3,SF
16529,warezmaster,R2L,NORMAL,0.037692439848001864,tcp,ftp_data,SF
16538,smurf,DoS,NORMAL,0.10726222261676953,icmp,ecr_i,SF
16540,smurf,DoS,NORMAL,0.12382435022557248,icmp,ecr_i,SF
16541,back,DoS,NORMAL,0.01134135649338672,tcp,http,SF
16547,snmpguess,R2L,NORMAL,0.027186902630698447,udp,private,SF
16553,mailbomb,DoS,NORMAL,0.08076788687434966,tcp,smtp,SF
16554,smurf,DoS,NORMAL,0.12430388415732246,icmp,ecr_i,SF
16576,back,DoS,NORMAL,0.013611136773896543,tcp,http,SF
16584,back,DoS,NORMAL,0.034413858134193114,tcp,http,SF
16589,smurf,DoS,NORMAL,0.06955527472494988,icmp,ecr_i,SF
16596,smurf,DoS,NORMAL,0.0414059682404265,icmp,ecr_i,SF
16605,ipsweep,Probe,NORMAL,0.11029734476707038,icmp,eco_i,SF
16625,warezmaster,R2L,NORMAL,0.033521204202697705,tcp,ftp_data,SF
16635,back,DoS,NORMAL,0.01163279316727093,tcp,http,SF
16636,back,DoS,NORMAL,0.012810957386324194,tcp,http,SF
16639,guess_passwd,R2L,NORMAL,0.028968778319343552,tcp,pop_3,SF
16645,guess_passwd,R2L,NORMAL,0.030309173021006837,tcp,pop_3,SF
16646,guess_passwd,R2L,NORMAL,0.03194453409275288,tcp,pop_3,SF
16681,guess_passwd,R2L,NORMAL,0.03425515841660749,tcp,pop_3,SF
16685,guess_passwd,R2L,NORMAL,0.0344750873087377,tcp,pop_3,SF
16688,mailbomb,DoS,NORMAL,0.11035851613626636,tcp,smtp,SF
16694,satan,Probe,NORMAL,0.09838135782469606,udp,other,SF
16696,saint,Probe,NORMAL,0.07545259348275231,icmp,eco_i,SF
16698,smurf,DoS,NORMAL,0.09269543073552597,icmp,ecr_i,SF
16703,named,R2L,NORMAL,0.057733742287503574,tcp,domain,SF
16706,warezmaster,R2L,NORMAL,0.04657234022130083,tcp,ftp_data,SF
16745,back,DoS,NORMAL,0.011664842200133276,tcp,http,SF
16757,warezmaster,R2L,NORMAL,0.051454537660561316,tcp,ftp_data,SF
16758,snmpguess,R2L,NORMAL,0.027805710001392037,udp,private,SF
16763,back,DoS,NORMAL,0.013355964044993522,tcp,http,SF
16770,snmpguess,R2L,NORMAL,0.02758265629793802,udp,private,SF
16782,guess_passwd,R2L,NORMAL,0.027094848301112782,tcp,pop_3,SF
16788,guess_passwd,R2L,NORMAL,0.029560464241775972,tcp,pop_3,SF
16798,mailbomb,DoS,NORMAL,0.05598550270956699,tcp,smtp,SF
16809,warezmaster,R2L,NORMAL,0.043004950381465776,tcp,ftp_data,SF
16812,pod,DoS,NORMAL,0.09430488968129824,icmp,ecr_i,SF
16814,warezmaster,R2L,NORMAL,0.04222649726444008,tcp,ftp_data,SF
16834,guess_passwd,R2L,NORMAL,0.028375397859624424,tcp,pop_3,SF
16841,mscan,Probe,NORMAL,0.10511085388234528,tcp,telnet,REJ
16848,snmpgetattack,R2L,NORMAL,0.027802216295275396,udp,private,SF
16851,warezmaster,R2L,NORMAL,0.045022683220065945,tcp,ftp_data,SF
16853,back,DoS,NORMAL,0.013364051143617307,tcp,http,SF
16866,snmpgetattack,R2L,NORMAL,0.05330671445706991,udp,private,SF
16875,smurf,DoS,NORMAL,0.06252099198930337,icmp,ecr_i,SF
16878,smurf,DoS,NORMAL,0.09927357723545899,icmp,ecr_i,SF
16888,back,DoS,NORMAL,0.08296215306581675,tcp,http,SF
16895,guess_passwd,R2L,NORMAL,0.02566016481375888,tcp,pop_3,SF
16898,saint,Probe,NORMAL,0.07110162536501244,icmp,eco_i,SF
16905,guess_passwd,R2L,NORMAL,0.02515127112176085,tcp,pop_3,SF
16912,processtable,DoS,NORMAL,0.11803027717200115,tcp,telnet,SF
16915,saint,Probe,NORMAL,0.0699289541633928,icmp,eco_i,SF
16918,ipsweep,Probe,NORMAL,0.06812117248250575,icmp,eco_i,SF
16920,warezmaster,R2L,NORMAL,0.020331667402912968,tcp,ftp_data,SF
16923,smurf,DoS,NORMAL,0.07288465174532494,icmp,ecr_i,SF
16942,smurf,DoS,NORMAL,0.10091849253025086,icmp,ecr_i,SF
16951,back,DoS,NORMAL,0.012799594691560263,tcp,http,SF
16953,smurf,DoS,NORMAL,0.0744795443357656,icmp,ecr_i,SF
16955,mailbomb,DoS,NORMAL,0.02225401774606465,tcp,smtp,SF
16965,warezmaster,R2L,NORMAL,0.043856292767645834,tcp,ftp_data,SF
16974,warezmaster,R2L,NORMAL,0.03701743524563018,tcp,ftp_data,SF
16992,smurf,DoS,NORMAL,0.10686614750755224,icmp,ecr_i,SF
17007,saint,Probe,NORMAL,0.07265573801111105,icmp,eco_i,SF
17023,smurf,DoS,NORMAL,0.07124752579418556,icmp,ecr_i,SF
17025,smurf,DoS,NORMAL,0.10970273144540557,icmp,ecr_i,SF
17034,warezmaster,R2L,NORMAL,0.03868099901650991,tcp,ftp_data,SF
17048,smurf,DoS,NORMAL,0.0658502780343092,icmp,ecr_i,SF
17058,snmpgetattack,R2L,NORMAL,0.03893562729746898,udp,private,SF
17065,back,DoS,NORMAL,0.12826454142393695,tcp,http,RSTR
17090,guess_passwd,R2L,NORMAL,0.026822954554777297,tcp,pop_3,SF
17092,guess_passwd,R2L,NORMAL,0.03324486885693322,tcp,pop_3,SF
17095,snmpguess,R2L,NORMAL,0.027702393661076612,udp,private,SF
17101,snmpguess,R2L,NORMAL,0.027068340745036442,udp,private,SF
17112,guess_passwd,R2L,NORMAL,0.028366680210904476,tcp,pop_3,SF
17115,guess_passwd,R2L,NORMAL,0.0629048044763049,tcp,pop_3,SF
17131,guess_passwd,R2L,NORMAL,0.028824832306843438,tcp,pop_3,SF
17135,mailbomb,DoS,NORMAL,0.08980439235587599,tcp,smtp,SF
17143,warezmaster,R2L,NORMAL,0.04400944744579634,tcp,ftp_data,SF
17144,ipsweep,Probe,NORMAL,0.10952433097838567,icmp,eco_i,SF
17145,snmpguess,R2L,NORMAL,0.027096951629388025,udp,private,SF
17150,ipsweep,Probe,NORMAL,0.08176836489921009,icmp,eco_i,SF
17154,smurf,DoS,NORMAL,0.06238093348290126,icmp,ecr_i,SF
17167,mscan,Probe,NORMAL,0.05557209460220075,tcp,sunrpc,REJ
17168,guess_passwd,R2L,NORMAL,0.03107788735318799,tcp,pop_3,SF
17174,snmpguess,R2L,NORMAL,0.027054090361627377,udp,private,SF
17181,guess_passwd,R2L,NORMAL,0.043868627557309275,tcp,pop_3,SF
17189,snmpgetattack,R2L,NORMAL,0.02772813911898655,udp,private,SF
17194,mailbomb,DoS,NORMAL,0.10217925507450316,tcp,smtp,SF
17196,ipsweep,Probe,NORMAL,0.12064831704034476,icmp,eco_i,SF
17200,warezmaster,R2L,NORMAL,0.04004741972344953,tcp,ftp_data,SF
17207,back,DoS,NORMAL,0.013243318851248326,tcp,http,SF
17212,ipsweep,Probe,NORMAL,0.06130770445440013,icmp,eco_i,SF
17218,back,DoS,NORMAL,0.014879577103512067,tcp,http,SF
17242,warezmaster,R2L,NORMAL,0.03283005149202132,tcp,ftp_data,SF
17268,snmpgetattack,R2L,NORMAL,0.04510188114109545,udp,private,SF
17272,snmpguess,R2L,NORMAL,0.026608867413144457,udp,private,SF
17273,warezmaster,R2L,NORMAL,0.0345666502638265,tcp,ftp_data,SF
17274,guess_passwd,R2L,NORMAL,0.028012447991300322,tcp,pop_3,SF
17279,guess_passwd,R2L,NORMAL,0.028232299350965766,tcp,pop_3,SF
17280,teardrop,DoS,NORMAL,0.05708985298984079,udp,private,SF
17282,guess_passwd,R2L,NORMAL,0.027695573370654744,tcp,pop_3,SF
17289,mscan,Probe,NORMAL,0.11835757887721567,tcp,telnet,RSTO
17302,ipsweep,Probe,NORMAL,0.10927172533137676,icmp,eco_i,SF
17310,guess_passwd,R2L,NORMAL,0.028395784440212058,tcp,pop_3,SF
17314,mailbomb,DoS,NORMAL,0.062226985719919505,tcp,smtp,SF
17327,back,DoS,NORMAL,0.055700530797825054,tcp,http,SF
17329,smurf,DoS,NORMAL,0.05977704602183,icmp,ecr_i,SF
17332,ipsweep,Probe,NORMAL,0.11004217414614163,icmp,eco_i,SF
17339,snmpgetattack,R2L,NORMAL,0.03170717397930806,udp,other,SF
17352,pod,DoS,NORMAL,0.09481126942036172,icmp,ecr_i,SF
17354,ipsweep,Probe,NORMAL,0.11522359119691808,icmp,eco_i,SF
17355,snmpguess,R2L,NORMAL,0.02747960989427884,udp,private,SF
17356,guess_passwd,R2L,NORMAL,0.025394028627981863,tcp,pop_3,SF
17359,warezmaster,R2L,NORMAL,0.04459272302582092,tcp,ftp_data,SF
17372,guess_passwd,R2L,NORMAL,0.03273807739510526,tcp,pop_3,SF
17384,guess_passwd,R2L,NORMAL,0.029150517453601754,tcp,pop_3,SF
17390,smurf,DoS,NORMAL,0.07470517838203519,icmp,ecr_i,SF
17410,saint,Probe,NORMAL,0.05976032410024296,icmp,eco_i,SF
17413,warezmaster,R2L,NORMAL,0.040836777442817745,tcp,ftp_data,SF
17423,ipsweep,Probe,NORMAL,0.11031962068358701,icmp,eco_i,SF
17427,snmpguess,R2L,NORMAL,0.027370723027452044,udp,private,SF
17430,ipsweep,Probe,NORMAL,0.12609358331940307,icmp,eco_i,SF
17436,snmpguess,R2L,NORMAL,0.027263486983275093,udp,private,SF
17443,mailbomb,DoS,NORMAL,0.022446355321023636,tcp,smtp,SF
17444,guess_passwd,R2L,NORMAL,0.025529052338346354,tcp,pop_3,SF
17463,snmpgetattack,R2L,NORMAL,0.03160115433392156,udp,private,SF
17478,mscan,Probe,NORMAL,0.12194568239429388,tcp,imap4,RSTO
17480,guess_passwd,R2L,NORMAL,0.02663122349566889,tcp,pop_3,SF
17482,snmpguess,R2L,NORMAL,0.027330322027644113,udp,private,SF
17486,mailbomb,DoS,NORMAL,0.09141111208626974,tcp,smtp,SF
17508,saint,Probe,NORMAL,0.07525769509831068,icmp,eco_i,SF
17511,smurf,DoS,NORMAL,0.07077744716857326,icmp,ecr_i,SF
17524,snmpguess,R2L,NORMAL,0.0272633327670972,udp,private,SF
17526,guess_passwd,R2L,NORMAL,0.0843860255169399,tcp,pop_3,SF
17528,warezmaster,R2L,NORMAL,0.05008966211070341,tcp,ftp_data,SF
17529,snmpguess,R2L,NORMAL,0.027503437735955514,udp,private,SF
17531,snmpguess,R2L,NORMAL,0.027703395492513782,udp,private,SF
17535,smurf,DoS,NORMAL,0.10784814140609049,icmp,ecr_i,SF
17543,snmpguess,R2L,NORMAL,0.02771129330207427,udp,private,SF
17550,snmpguess,R2L,NORMAL,0.027263500770016262,udp,private,SF
17555,named,R2L,NORMAL,0.05149381546698265,tcp,domain,SF
17557,apache2,DoS,NORMAL,0.06835527663067414,tcp,http,S0
17561,snmpguess,R2L,NORMAL,0.027479590339102026,udp,private,SF
17565,snmpgetattack,R2L,NORMAL,0.045422965682799854,udp,private,SF
17579,snmpguess,R2L,NORMAL,0.027503414162328946,udp,private,SF
17582,snmpguess,R2L,NORMAL,0.027582701085137596,udp,private,SF
17589,back,DoS,NORMAL,0.013710684052603048,tcp,http,SF
17600,guess_passwd,R2L,NORMAL,0.028095845885308036,tcp,pop_3,SF
17605,saint,Probe,NORMAL,0.05970845324470958,icmp,eco_i,SF
17608,back,DoS,NORMAL,0.03737938122048484,tcp,http,SF
17614,mailbomb,DoS,NORMAL,0.022129746540158677,tcp,smtp,SF
17625,worm,R2L,NORMAL,0.03359224800181585,tcp,telnet,SF
17634,snmpgetattack,R2L,NORMAL,0.02736632871751682,udp,private,SF
17649,snmpgetattack,R2L,NORMAL,0.039331375388192626,udp,private,SF
17663,smurf,DoS,NORMAL,0.07096060608094065,icmp,ecr_i,SF
17673,smurf,DoS,NORMAL,0.07709904809850687,icmp,ecr_i,SF
17674,guess_passwd,R2L,NORMAL,0.03146083156335246,tcp,pop_3,SF
17675,guess_passwd,R2L,NORMAL,0.025394030035812844,tcp,pop_3,SF
17680,saint,Probe,NORMAL,0.05356276747982496,icmp,ecr_i,SF
17686,guess_passwd,R2L,NORMAL,0.0266731820679674,tcp,pop_3,SF
17691,ipsweep,Probe,NORMAL,0.1092832822291667,icmp,eco_i,SF
17694,smurf,DoS,NORMAL,0.11056601679220258,icmp,ecr_i,SF
17696,snmpguess,R2L,NORMAL,0.027054035043500638,udp,private,SF
17714,warezmaster,R2L,NORMAL,0.050904270715840465,tcp,ftp_data,SF
17715,warezmaster,R2L,NORMAL,0.04195712618666618,tcp,ftp_data,SF
17716,guess_passwd,R2L,NORMAL,0.027600576797704196,tcp,pop_3,SF
17721,smurf,DoS,NORMAL,0.11116073017438324,icmp,ecr_i,SF
17723,guess_passwd,R2L,NORMAL,0.029129618319298858,tcp,pop_3,SF
17735,back,DoS,NORMAL,0.011009291112707067,tcp,http,SF
17740,mscan,Probe,NORMAL,0.07649301917332119,tcp,telnet,RSTO
17742,snmpguess,R2L,NORMAL,0.027370748624327496,udp,private,SF
17747,smurf,DoS,NORMAL,0.05540254333038755,icmp,ecr_i,SF
17756,warezmaster,R2L,NORMAL,0.04205564927915824,tcp,ftp_data,SF
17764,guess_passwd,R2L,NORMAL,0.028891809469748612,tcp,pop_3,SF
17769,guess_passwd,R2L,NORMAL,0.031334132191108255,tcp,pop_3,SF
17770,guess_passwd,R2L,NORMAL,0.11306184355889519,tcp,pop_3,SF
17779,guess_passwd,R2L,NORMAL,0.0272990279631701,tcp,pop_3,SF
17787,back,DoS,NORMAL,0.01646587111021039,tcp,http,SF
17812,ps,U2R,NORMAL,0.03272795461343076,tcp,telnet,SF
17823,snmpgetattack,R2L,NORMAL,0.035112568372176266,udp,private,SF
17825,warezmaster,R2L,NORMAL,0.025701802800032075,tcp,ftp_data,SF
17826,smurf,DoS,NORMAL,0.11974989743813963,icmp,ecr_i,SF
17853,snmpguess,R2L,NORMAL,0.02758167114236008,udp,private,SF
17859,saint,Probe,NORMAL,0.06774089742013074,icmp,eco_i,SF
17866,smurf,DoS,NORMAL,0.11456174350419057,icmp,ecr_i,SF
17867,saint,Probe,NORMAL,0.0647133804268358,icmp,eco_i,SF
17875,smurf,DoS,NORMAL,0.11671829982749062,icmp,ecr_i,SF
17878,snmpguess,R2L,NORMAL,0.02683752570253987,udp,private,SF
17880,guess_passwd,R2L,NORMAL,0.02865398076339675,tcp,pop_3,SF
17886,guess_passwd,R2L,NORMAL,0.028920800398131923,tcp,pop_3,SF
17891,snmpgetattack,R2L,NORMAL,0.1211418919612881,udp,private,SF
17901,guess_passwd,R2L,NORMAL,0.02720716991082525,tcp,pop_3,SF
17903,smurf,DoS,NORMAL,0.05526500598571226,icmp,ecr_i,SF
17911,guess_passwd,R2L,NORMAL,0.027915543132382273,tcp,pop_3,SF
17914,mailbomb,DoS,NORMAL,0.06520117612646366,tcp,smtp,SF
17915,warezmaster,R2L,NORMAL,0.04224668671433212,tcp,ftp_data,SF
17918,saint,Probe,NORMAL,0.052610886776016066,icmp,eco_i,SF
17921,smurf,DoS,NORMAL,0.07813355664204978,icmp,ecr_i,SF
17934,warezmaster,R2L,NORMAL,0.035787766045910045,tcp,ftp_data,SF
17936,back,DoS,NORMAL,0.013400509693620203,tcp,http,SF
17940,ipsweep,Probe,NORMAL,0.09904188638872707,icmp,eco_i,SF
17946,mailbomb,DoS,NORMAL,0.10920560481292284,tcp,smtp,SF
17955,back,DoS,NORMAL,0.09098288302941392,tcp,http,RSTR
17970,guess_passwd,R2L,NORMAL,0.028144640992571815,tcp,pop_3,SF
17971,warezmaster,R2L,NORMAL,0.0320391001932838,tcp,ftp_data,SF
17979,snmpguess,R2L,NORMAL,0.02715467333334929,udp,private,SF
17981,smurf,DoS,NORMAL,0.06079406003075148,icmp,ecr_i,SF
17983,satan,Probe,NORMAL,0.10026765540534842,udp,private,SF
17993,mscan,Probe,NORMAL,0.12048202675926195,tcp,pm_dump,SF
17997,snmpguess,R2L,NORMAL,0.026954005590105076,udp,private,SF
18005,guess_passwd,R2L,NORMAL,0.027252436626489313,tcp,pop_3,SF
18006,smurf,DoS,NORMAL,0.057478335214969485,icmp,ecr_i,SF
18022,guess_passwd,R2L,NORMAL,0.06238583040097658,tcp,telnet,SF
18024,back,DoS,NORMAL,0.01271096644646244,tcp,http,SF
18028,warezmaster,R2L,NORMAL,0.04005167205286764,tcp,ftp_data,SF
18032,smurf,DoS,NORMAL,0.08404884538140368,icmp,ecr_i,SF
18037,back,DoS,NORMAL,0.014688764203006518,tcp,http,SF
18064,back,DoS,NORMAL,0.013704443848906456,tcp,http,SF
18079,ipsweep,Probe,NORMAL,0.0680331972067014,icmp,eco_i,SF
18088,back,DoS,NORMAL,0.11936963089503208,tcp,http,SF
18104,named,R2L,NORMAL,0.09313766020672988,tcp,ftp_data,SF
18112,saint,Probe,NORMAL,0.06312985193482616,icmp,eco_i,SF
18119,mailbomb,DoS,NORMAL,0.04840746576820111,tcp,smtp,SF
18126,guess_passwd,R2L,NORMAL,0.03093877513559096,tcp,pop_3,SF
18139,snmpguess,R2L,NORMAL,0.028046482720679083,udp,private,SF
18142,mscan,Probe,NORMAL,0.06510655919111888,tcp,imap4,SF
18150,mscan,Probe,NORMAL,0.11156648619592878,tcp,telnet,RSTO
18162,snmpgetattack,R2L,NORMAL,0.02743339487683335,udp,private,SF
18166,portsweep,Probe,NORMAL,0.11780815470893746,tcp,echo,RSTR
18168,guess_passwd,R2L,NORMAL,0.03155338886120572,tcp,pop_3,SF
18170,warezmaster,R2L,NORMAL,0.12646208425542324,tcp,ftp_data,SF
18173,snmpguess,R2L,NORMAL,0.027582569026414726,udp,private,SF
18182,guess_passwd,R2L,NORMAL,0.03246694999772374,tcp,pop_3,SF
18186,guess_passwd,R2L,NORMAL,0.024735383873779833,tcp,pop_3,SF
18187,ipsweep,Probe,NORMAL,0.10997837525831068,icmp,eco_i,SF
18188,back,DoS,NORMAL,0.013674466964185894,tcp,http,SF
18195,mscan,Probe,NORMAL,0.08452752012071409,tcp,telnet,RSTO
18213,smurf,DoS,NORMAL,0.11653273167674133,icmp,ecr_i,SF
18226,guess_passwd,R2L,NORMAL,0.09454883732445306,tcp,pop_3,SF
18231,guess_passwd,R2L,NORMAL,0.02742896076602209,tcp,pop_3,SF
18233,guess_passwd,R2L,NORMAL,0.03258913215330936,tcp,pop_3,SF
18234,rootkit,U2R,NORMAL,0.02184745995732505,tcp,ftp_data,SF
18251,snmpguess,R2L,NORMAL,0.027263403408801144,udp,private,SF
18263,smurf,DoS,NORMAL,0.09962706757759437,icmp,ecr_i,SF
18268,mailbomb,DoS,NORMAL,0.022060726175056406,tcp,smtp,SF
18269,warezmaster,R2L,NORMAL,0.043468262446152206,tcp,ftp_data,SF
18270,smurf,DoS,NORMAL,0.12126931912688957,icmp,ecr_i,SF
18274,smurf,DoS,NORMAL,0.054221841116483184,icmp,ecr_i,SF
18288,guess_passwd,R2L,NORMAL,0.028371229637503374,tcp,pop_3,SF
18300,snmpguess,R2L,NORMAL,0.02706838605855881,udp,private,SF
18302,satan,Probe,NORMAL,0.12267716694218206,udp,other,SF
18310,guess_passwd,R2L,NORMAL,0.03442853746366269,tcp,pop_3,SF
18312,guess_passwd,R2L,NORMAL,0.027717555495440853,tcp,pop_3,SF
18314,warezmaster,R2L,NORMAL,0.03327026269541606,tcp,ftp_data,SF
18315,snmpguess,R2L,NORMAL,0.027370768258629635,udp,private,SF
18335,smurf,DoS,NORMAL,0.0708662927040479,icmp,ecr_i,SF
18344,snmpgetattack,R2L,NORMAL,0.024815952093510563,udp,private,SF
18346,back,DoS,NORMAL,0.05949693276268435,tcp,http,RSTR
18349,smurf,DoS,NORMAL,0.11787744387597539,icmp,ecr_i,SF
18350,back,DoS,NORMAL,0.013237424191774342,tcp,http,SF
18352,smurf,DoS,NORMAL,0.056599591683852375,icmp,ecr_i,SF
18360,saint,Probe,NORMAL,0.06915726516668816,icmp,eco_i,SF
18370,warezmaster,R2L,NORMAL,0.04057555587685857,tcp,ftp_data,SF
18378,mscan,Probe,NORMAL,0.0875031881262791,tcp,telnet,REJ
18386,smurf,DoS,NORMAL,0.12576995161524507,icmp,ecr_i,SF
18400,snmpgetattack,R2L,NORMAL,0.027802193679286397,udp,private,SF
18408,smurf,DoS,NORMAL,0.053664118113588066,icmp,ecr_i,SF
18410,guess_passwd,R2L,NORMAL,0.02474886696779449,tcp,pop_3,SF
18416,guess_passwd,R2L,NORMAL,0.02827751568471013,tcp,pop_3,SF
18424,snmpguess,R2L,NORMAL,0.027493796627492108,udp,private,SF
18428,snmpguess,R2L,NORMAL,0.026882045529801446,udp,private,SF
18439,warezmaster,R2L,NORMAL,0.08849907514740098,tcp,ftp_data,SF
18443,rootkit,U2R,NORMAL,0.025861283283574604,tcp,ftp_data,SF
18447,guess_passwd,R2L,NORMAL,0.02822389915114591,tcp,pop_3,SF
18453,warezmaster,R2L,NORMAL,0.03928108565549511,tcp,ftp_data,SF
18461,warezmaster,R2L,NORMAL,0.09006876924440574,tcp,ftp_data,SF
18465,mailbomb,DoS,NORMAL,0.04150106771576463,tcp,smtp,SF
18472,back,DoS,NORMAL,0.015056590819186595,tcp,http,SF
18475,guess_passwd,R2L,NORMAL,0.032278811762253334,tcp,pop_3,SF
18478,smurf,DoS,NORMAL,0.058539773895155925,icmp,ecr_i,SF
18481,guess_passwd,R2L,NORMAL,0.06548131204661677,tcp,pop_3,SF
18483,back,DoS,NORMAL,0.013649006457106202,tcp,http,SF
18497,snmpgetattack,R2L,NORMAL,0.027586589147772886,udp,private,SF
18509,satan,Probe,NORMAL,0.09670873514159925,udp,other,SF
18516,smurf,DoS,NORMAL,0.09662934562457556,icmp,ecr_i,SF
18518,warezmaster,R2L,NORMAL,0.07520692780061147,tcp,ftp_data,SF
18524,mailbomb,DoS,NORMAL,0.09065763343434761,tcp,smtp,SF
18526,apache2,DoS,NORMAL,0.06628527235106119,tcp,http,S0
18541,warezmaster,R2L,NORMAL,0.0372432767787139,tcp,ftp_data,SF
18542,satan,Probe,NORMAL,0.11872252338625734,udp,other,SF
18550,guess_passwd,R2L,NORMAL,0.028956470822725976,tcp,pop_3,SF
18553,guess_passwd,R2L,NORMAL,0.08795653872435735,tcp,pop_3,SF
18558,guess_passwd,R2L,NORMAL,0.10129840543890387,tcp,telnet,SF
18576,back,DoS,NORMAL,0.014436491004277052,tcp,http,SF
18581,mscan,Probe,NORMAL,0.0662929906044282,tcp,imap4,RSTO
18584,saint,Probe,NORMAL,0.058470723876203584,icmp,eco_i,SF
18586,mailbomb,DoS,NORMAL,0.10787637728059443,tcp,smtp,SF
18587,snmpgetattack,R2L,NORMAL,0.03354143415962997,udp,private,SF
18592,snmpguess,R2L,NORMAL,0.02728215271793821,udp,private,SF
18595,warezmaster,R2L,NORMAL,0.07397701693447499,tcp,ftp_data,SF
18597,guess_passwd,R2L,NORMAL,0.03292290940231665,tcp,pop_3,SF
18599,smurf,DoS,NORMAL,0.05511290504802296,icmp,ecr_i,SF
18607,back,DoS,NORMAL,0.014274306297852696,tcp,http,SF
18612,satan,Probe,NORMAL,0.10191925023217403,udp,other,SF
18618,guess_passwd,R2L,NORMAL,0.02883718068263213,tcp,pop_3,SF
18619,back,DoS,NORMAL,0.013738774066430514,tcp,http,SF
18621,saint,Probe,NORMAL,0.07662323532209264,icmp,eco_i,SF
18624,snmpguess,R2L,NORMAL,0.027154612074313023,udp,private,SF
18626,guess_passwd,R2L,NORMAL,0.03040144238797086,tcp,pop_3,SF
18634,warezmaster,R2L,NORMAL,0.037282670501821276,tcp,ftp_data,SF
18650,smurf,DoS,NORMAL,0.06856692272031437,icmp,ecr_i,SF
18653,guess_passwd,R2L,NORMAL,0.033470237758726665,tcp,pop_3,SF
18661,snmpguess,R2L,NORMAL,0.027154590442273797,udp,private,SF
18664,snmpguess,R2L,NORMAL,0.027096902314882675,udp,private,SF
18667,mailbomb,DoS,NORMAL,0.031760603935118724,tcp,smtp,SF
18669,guess_passwd,R2L,NORMAL,0.025392061844287085,tcp,pop_3,SF
18672,smurf,DoS,NORMAL,0.11272258683511807,icmp,ecr_i,SF
18686,guess_passwd,R2L,NORMAL,0.04360181319542421,tcp,pop_3,SF
18697,warezmaster,R2L,NORMAL,0.04609693481577539,tcp,ftp_data,SF
18709,smurf,DoS,NORMAL,0.05324324147049194,icmp,ecr_i,SF
18713,back,DoS,NORMAL,0.014252234446993925,tcp,http,SF
18716,snmpguess,R2L,NORMAL,0.026882026336261595,udp,private,SF
18725,mailbomb,DoS,NORMAL,0.0669885516245134,tcp,smtp,SF
18737,guess_passwd,R2L,NORMAL,0.027545271394788847,tcp,pop_3,SF
18738,smurf,DoS,NORMAL,0.08910198768699348,icmp,ecr_i,SF
18739,mailbomb,DoS,NORMAL,0.126755460835095,tcp,smtp,SF
18742,snmpguess,R2L,NORMAL,0.026912937839470064,udp,private,SF
18748,saint,Probe,NORMAL,0.062379867176757836,icmp,eco_i,SF
18752,warezmaster,R2L,NORMAL,0.033460627435971224,tcp,ftp_data,SF
18754,warezmaster,R2L,NORMAL,0.05059342117284517,tcp,ftp_data,SF
18755,apache2,DoS,NORMAL,0.07344656707186989,tcp,http,S0
18761,snmpgetattack,R2L,NORMAL,0.03371741607407019,udp,private,SF
18763,warezmaster,R2L,NORMAL,0.04339663121461858,tcp,ftp_data,SF
18778,smurf,DoS,NORMAL,0.07542546427052653,icmp,ecr_i,SF
18796,guess_passwd,R2L,NORMAL,0.02827350031322023,tcp,pop_3,SF
18800,saint,Probe,NORMAL,0.06146825459510134,icmp,eco_i,SF
18805,mscan,Probe,NORMAL,0.04409458892000047,tcp,telnet,REJ
18814,mscan,Probe,NORMAL,0.09347712503099029,tcp,telnet,RSTO
18816,guess_passwd,R2L,NORMAL,0.02683992897316118,tcp,pop_3,SF
18820,mscan,Probe,NORMAL,0.05899067052900621,tcp,sunrpc,REJ
18821,snmpguess,R2L,NORMAL,0.02804535663883659,udp,private,SF
18833,guess_passwd,R2L,NORMAL,0.08223344491189677,tcp,pop_3,SF
18837,warezmaster,R2L,NORMAL,0.040718469639297976,tcp,ftp_data,SF
18839,snmpgetattack,R2L,NORMAL,0.12307059368451251,udp,private,SF
18845,smurf,DoS,NORMAL,0.09757686773481408,icmp,ecr_i,SF
18868,guess_passwd,R2L,NORMAL,0.05375046486260859,tcp,pop_3,SF
18869,guess_passwd,R2L,NORMAL,0.02728198206087547,tcp,pop_3,SF
18871,snmpgetattack,R2L,NORMAL,0.025812944856153704,udp,private,SF
18872,snmpguess,R2L,NORMAL,0.02780578885675694,udp,private,SF
18881,satan,Probe,NORMAL,0.1063706647911213,udp,other,SF
18884,guess_passwd,R2L,NORMAL,0.02731700405188196,tcp,pop_3,SF
18894,warezmaster,R2L,NORMAL,0.03894413119560026,tcp,ftp_data,SF
18903,guess_passwd,R2L,NORMAL,0.027285184357064188,tcp,pop_3,SF
18907,satan,Probe,NORMAL,0.07310718028974691,udp,other,SF
18908,guess_passwd,R2L,NORMAL,0.029014690156838694,tcp,pop_3,SF
18924,warezmaster,R2L,NORMAL,0.049784060155155935,tcp,ftp_data,SF
18927,warezmaster,R2L,NORMAL,0.037535070474002605,tcp,ftp_data,SF
18928,ipsweep,Probe,NORMAL,0.1133996653589061,icmp,eco_i,SF
18931,guess_passwd,R2L,NORMAL,0.03476479743835796,tcp,pop_3,SF
18935,snmpguess,R2L,NORMAL,0.026676940950565976,udp,private,SF
18941,smurf,DoS,NORMAL,0.09840596442174637,icmp,ecr_i,SF
18954,snmpguess,R2L,NORMAL,0.026676953913651047,udp,private,SF
18966,snmpgetattack,R2L,NORMAL,0.03575373202324891,udp,private,SF
18982,named,R2L,NORMAL,0.0827630519291669,tcp,other,SF
18987,smurf,DoS,NORMAL,0.05792835737170656,icmp,ecr_i,SF
18988,smurf,DoS,NORMAL,0.1127224257250316,icmp,ecr_i,SF
18992,pod,DoS,NORMAL,0.05451226872004473,icmp,tim_i,SF
18994,guess_passwd,R2L,NORMAL,0.028454731644449675,tcp,pop_3,SF
18995,mscan,Probe,NORMAL,0.04549104521815945,tcp,sunrpc,REJ
18998,mscan,Probe,NORMAL,0.08715804193988984,tcp,telnet,RSTO
19000,guess_passwd,R2L,NORMAL,0.028075372633623346,tcp,pop_3,SF
19009,guess_passwd,R2L,NORMAL,0.02984603823544149,tcp,pop_3,SF
19025,warezmaster,R2L,NORMAL,0.026846784041410377,tcp,ftp_data,SF
19045,mailbomb,DoS,NORMAL,0.050592127410059536,tcp,smtp,SF
19063,guess_passwd,R2L,NORMAL,0.03149082566592375,tcp,pop_3,SF
19070,mailbomb,DoS,NORMAL,0.032655010978707294,tcp,smtp,SF
19076,mscan,Probe,NORMAL,0.11610226210537603,tcp,telnet,RSTO
19078,rootkit,U2R,NORMAL,0.04145580395120269,tcp,ftp,SF
19079,mailbomb,DoS,NORMAL,0.05837569089902963,tcp,smtp,SF
19090,guess_passwd,R2L,NORMAL,0.02959801041962016,tcp,pop_3,SF
19094,mailbomb,DoS,NORMAL,0.1243191551230927,tcp,smtp,SF
19104,guess_passwd,R2L,NORMAL,0.025175632124046603,tcp,pop_3,SF
19109,processtable,DoS,NORMAL,0.11794181509362425,tcp,telnet,SF
19110,saint,Probe,NORMAL,0.06461367976248145,icmp,eco_i,SF
19116,guess_passwd,R2L,NORMAL,0.026607641113733926,tcp,pop_3,SF
19135,back,DoS,NORMAL,0.01472281727180412,tcp,http,SF
19137,smurf,DoS,NORMAL,0.07619795932716134,icmp,ecr_i,SF
19138,mscan,Probe,NORMAL,0.0938609000757139,tcp,telnet,RSTO
19140,satan,Probe,NORMAL,0.10364554439331489,udp,private,SF
19150,snmpguess,R2L,NORMAL,0.027582591778163006,udp,private,SF
19171,satan,Probe,NORMAL,0.12101371989602533,udp,private,SF
19177,snmpguess,R2L,NORMAL,0.02695397255925637,udp,private,SF
19183,smurf,DoS,NORMAL,0.0975767360099838,icmp,ecr_i,SF
19191,back,DoS,NORMAL,0.013552404334645751,tcp,http,SF
19197,guess_passwd,R2L,NORMAL,0.027140065908406515,tcp,pop_3,SF
19199,guess_passwd,R2L,NORMAL,0.05178933673716177,tcp,pop_3,SF
19222,smurf,DoS,NORMAL,0.07929887331286778,icmp,ecr_i,SF
19225,warezmaster,R2L,NORMAL,0.039134720395664596,tcp,ftp_data,SF
19240,back,DoS,NORMAL,0.08519796297440707,tcp,http,SF
19250,processtable,DoS,NORMAL,0.10693938166848443,tcp,telnet,SF
19253,warezmaster,R2L,NORMAL,0.02448284312217553,tcp,ftp_data,SF
19254,mailbomb,DoS,NORMAL,0.025245158831592212,tcp,smtp,SF
19265,guess_passwd,R2L,NORMAL,0.025529065435733,tcp,pop_3,SF
19267,mailbomb,DoS,NORMAL,0.062445579999089014,tcp,smtp,SF
19271,snmpguess,R2L,NORMAL,0.026912958634874664,udp,private,SF
19273,pod,DoS,NORMAL,0.10842826523417964,icmp,ecr_i,SF
19276,guess_passwd,R2L,NORMAL,0.03408202864792258,tcp,pop_3,SF
19291,back,DoS,NORMAL,0.013904466700228766,tcp,http,SF
19293,mailbomb,DoS,NORMAL,0.023321297508785012,tcp,smtp,SF
19297,back,DoS,NORMAL,0.01386578894338335,tcp,http,SF
19312,warezmaster,R2L,NORMAL,0.043951863918694,tcp,ftp_data,SF
19315,ipsweep,Probe,NORMAL,0.06417885264361103,icmp,eco_i,SF
19319,snmpguess,R2L,NORMAL,0.07515313352028107,udp,private,SF
19322,mailbomb,DoS,NORMAL,0.0894436359681985,tcp,smtp,SF
19329,back,DoS,NORMAL,0.013949134259219826,tcp,http,SF
19334,back,DoS,NORMAL,0.1147874895705109,tcp,http,SF
19342,mailbomb,DoS,NORMAL,0.03506416506310837,tcp,smtp,SF
19347,back,DoS,NORMAL,0.01635759972251943,tcp,http,SF
19352,mailbomb,DoS,NORMAL,0.05128470885846137,tcp,smtp,SF
19353,saint,Probe,NORMAL,0.05310439591489252,udp,other,SF
19357,guess_passwd,R2L,NORMAL,0.03271066257258107,tcp,pop_3,SF
19360,warezmaster,R2L,NORMAL,0.02471699257459206,tcp,ftp_data,SF
19361,smurf,DoS,NORMAL,0.05371175718604495,icmp,ecr_i,SF
19363,back,DoS,NORMAL,0.013138792930671139,tcp,http,SF
19368,mscan,Probe,NORMAL,0.09174168555081891,tcp,telnet,RSTO
19369,mailbomb,DoS,NORMAL,0.022497061132918175,tcp,smtp,SF
19376,warezmaster,R2L,NORMAL,0.03729713777862506,tcp,ftp_data,SF
19384,warezmaster,R2L,NORMAL,0.044745952653897955,tcp,ftp_data,SF
19385,ipsweep,Probe,NORMAL,0.06716257498502154,icmp,eco_i,SF
19387,warezmaster,R2L,NORMAL,0.03896008985641235,tcp,ftp_data,SF
19392,guess_passwd,R2L,NORMAL,0.028324435920515315,tcp,pop_3,SF
19396,snmpguess,R2L,NORMAL,0.027711307713700263,udp,private,SF
19403,guess_passwd,R2L,NORMAL,0.028030841216588234,tcp,pop_3,SF
19406,satan,Probe,NORMAL,0.11953817082824206,udp,private,SF
19411,snmpguess,R2L,NORMAL,0.0270684065799198,udp,private,SF
19431,mailbomb,DoS,NORMAL,0.07206336921194258,tcp,smtp,SF
19435,warezmaster,R2L,NORMAL,0.08522097850430269,tcp,ftp_data,SF
19447,warezmaster,R2L,NORMAL,0.03826799292691169,tcp,ftp_data,SF
19451,pod,DoS,NORMAL,0.09532741321255667,icmp,ecr_i,SF
19464,ipsweep,Probe,NORMAL,0.11107454380511012,icmp,eco_i,SF
19467,mailbomb,DoS,NORMAL,0.07312934839607207,tcp,smtp,SF
19479,snmpguess,R2L,NORMAL,0.027186922372659114,udp,private,SF
19483,back,DoS,NORMAL,0.013353017950042834,tcp,http,SF
19492,back,DoS,NORMAL,0.014192252180170001,tcp,http,SF
19498,pod,DoS,NORMAL,0.06497860022768072,icmp,ecr_i,SF
19508,processtable,DoS,NORMAL,0.10824739355032914,tcp,telnet,SF
19509,smurf,DoS,NORMAL,0.0963275866995299,icmp,ecr_i,SF
19518,mscan,Probe,NORMAL,0.0883291798243573,tcp,pop_3,SF
19525,guess_passwd,R2L,NORMAL,0.03481509359948694,tcp,pop_3,SF
19534,smurf,DoS,NORMAL,0.0688322684175292,icmp,ecr_i,SF
19540,back,DoS,NORMAL,0.013410580014581152,tcp,http,SF
19545,guess_passwd,R2L,NORMAL,0.02873630245409817,tcp,pop_3,SF
19549,saint,Probe,NORMAL,0.06227874152492624,icmp,eco_i,SF
19558,snmpgetattack,R2L,NORMAL,0.027366302787902214,udp,private,SF
19562,named,R2L,NORMAL,0.07729489985603225,tcp,X11,SF
19571,snmpgetattack,R2L,NORMAL,0.02517027895336177,udp,private,SF
19573,smurf,DoS,NORMAL,0.12503171877448155,icmp,ecr_i,SF
19574,ipsweep,Probe,NORMAL,0.11096150722547231,icmp,eco_i,SF
19575,guess_passwd,R2L,NORMAL,0.026852173366109868,tcp,pop_3,SF
19576,back,DoS,NORMAL,0.013689948371961691,tcp,http,SF
19579,guess_passwd,R2L,NORMAL,0.038348909897769415,tcp,pop_3,SF
19593,warezmaster,R2L,NORMAL,0.041470609329492286,tcp,ftp_data,SF
19595,warezmaster,R2L,NORMAL,0.045730263774543055,tcp,ftp_data,SF
19596,back,DoS,NORMAL,0.09003665914440027,tcp,http,RSTR
19605,warezmaster,R2L,NORMAL,0.036238836616997616,tcp,ftp_data,SF
19606,smurf,DoS,NORMAL,0.05484479293415417,icmp,ecr_i,SF
19608,smurf,DoS,NORMAL,0.08378683176368952,icmp,ecr_i,SF
19611,mailbomb,DoS,NORMAL,0.09996727276448918,tcp,smtp,SF
19619,warezmaster,R2L,NORMAL,0.023631464421592085,tcp,ftp_data,SF
19633,guess_passwd,R2L,NORMAL,0.027971122277965235,tcp,pop_3,SF
19635,rootkit,U2R,NORMAL,0.019943594309018,tcp,ftp_data,SF
19642,guess_passwd,R2L,NORMAL,0.026725640343548462,tcp,pop_3,SF
19647,snmpgetattack,R2L,NORMAL,0.02709313754670675,udp,private,SF
19656,snmpguess,R2L,NORMAL,0.027054027443415056,udp,private,SF
19662,warezmaster,R2L,NORMAL,0.03971034532133044,tcp,ftp_data,SF
19669,guess_passwd,R2L,NORMAL,0.02679568174197601,tcp,pop_3,SF
19671,back,DoS,NORMAL,0.01178766320840208,tcp,http,SF
19674,snmpguess,R2L,NORMAL,0.027503385037882664,udp,private,SF
19675,snmpguess,R2L,NORMAL,0.027330362933355803,udp,private,SF
19701,smurf,DoS,NORMAL,0.059144173443029247,icmp,ecr_i,SF
19705,smurf,DoS,NORMAL,0.07106022553781105,icmp,ecr_i,SF
19716,warezmaster,R2L,NORMAL,0.029612327752360973,tcp,ftp_data,SF
19717,guess_passwd,R2L,NORMAL,0.0368610260848299,tcp,pop_3,SF
19737,snmpgetattack,R2L,NORMAL,0.027267203584535587,udp,private,SF
19751,processtable,DoS,NORMAL,0.1201068860916219,tcp,telnet,SF
19763,guess_passwd,R2L,NORMAL,0.11946521815375138,tcp,pop_3,SF
19768,guess_passwd,R2L,NORMAL,0.02712944425940902,tcp,pop_3,SF
19776,snmpgetattack,R2L,NORMAL,0.025863553672894897,udp,private,SF
19792,back,DoS,NORMAL,0.012688419925355974,tcp,http,SF
19796,warezmaster,R2L,NORMAL,0.040149257344743845,tcp,ftp_data,SF
19811,snmpguess,R2L,NORMAL,0.027703320971823868,udp,private,SF
19848,mscan,Probe,NORMAL,0.10295868888897586,tcp,imap4,RSTO
19862,warezmaster,R2L,NORMAL,0.05783825391409408,tcp,ftp_data,SF
19867,snmpgetattack,R2L,NORMAL,0.027235084472911498,udp,private,SF
19869,warezmaster,R2L,NORMAL,0.03964104381922448,tcp,ftp_data,SF
19881,guess_passwd,R2L,NORMAL,0.0634436352322799,tcp,pop_3,SF
19882,snmpguess,R2L,NORMAL,0.06867172958782257,icmp,urp_i,SF
19887,ipsweep,Probe,NORMAL,0.08248894453781047,icmp,eco_i,SF
19889,guess_passwd,R2L,NORMAL,0.027611932821478575,tcp,pop_3,SF
19891,smurf,DoS,NORMAL,0.054754087779556974,icmp,ecr_i,SF
19897,smurf,DoS,NORMAL,0.11787748779730164,icmp,ecr_i,SF
19899,smurf,DoS,NORMAL,0.053949251064898236,icmp,ecr_i,SF
19903,warezmaster,R2L,NORMAL,0.02215513971625088,tcp,ftp_data,SF
19906,back,DoS,NORMAL,0.09053246952578488,tcp,http,RSTR
19914,mailbomb,DoS,NORMAL,0.09026785131773694,tcp,smtp,SF
19918,smurf,DoS,NORMAL,0.059846070739231025,icmp,ecr_i,SF
19924,mailbomb,DoS,NORMAL,0.09454000212558888,tcp,smtp,SF
19928,guess_passwd,R2L,NORMAL,0.030497593047508962,tcp,pop_3,SF
19936,saint,Probe,NORMAL,0.09531852883919975,udp,private,SF
19942,warezmaster,R2L,NORMAL,0.0409412060492903,tcp,ftp_data,SF
19943,snmpgetattack,R2L,NORMAL,0.036983889277875444,udp,private,SF
19959,ipsweep,Probe,NORMAL,0.06609730723860875,icmp,eco_i,SF
19960,smurf,DoS,NORMAL,0.07752599020678924,icmp,ecr_i,SF
19966,back,DoS,NORMAL,0.012353991724376182,tcp,http,SF
19973,snmpguess,R2L,NORMAL,0.02695400065739117,udp,private,SF
19981,back,DoS,NORMAL,0.013642313172455614,tcp,http,SF
19983,snmpgetattack,R2L,NORMAL,0.033560992569025144,udp,private,SF
19991,smurf,DoS,NORMAL,0.08515572947747328,icmp,ecr_i,SF
19996,snmpguess,R2L,NORMAL,0.028209743480537824,udp,private,SF
19998,mailbomb,DoS,NORMAL,0.0342883523904227,tcp,smtp,SF
20000,guess_passwd,R2L,NORMAL,0.029593757817778878,tcp,pop_3,SF
20008,mailbomb,DoS,NORMAL,0.05198740426526161,tcp,smtp,SF
20034,ipsweep,Probe,NORMAL,0.047411867492647475,icmp,eco_i,SF
20036,guess_passwd,R2L,NORMAL,0.02879239073796344,tcp,pop_3,SF
20039,ipsweep,Probe,NORMAL,0.07664251293930342,icmp,eco_i,SF
20043,udpstorm,DoS,NORMAL,0.10438328291923599,udp,private,SF
20056,mscan,Probe,NORMAL,0.044511778090145886,tcp,telnet,REJ
20064,snmpguess,R2L,NORMAL,0.027368319165583004,udp,private,SF
20073,mscan,Probe,NORMAL,0.10783792022943398,tcp,sunrpc,REJ
20074,back,DoS,NORMAL,0.01321393152359959,tcp,http,SF
20076,apache2,DoS,NORMAL,0.07133853498178026,tcp,http,S0
20079,warezmaster,R2L,NORMAL,0.03968583086970607,tcp,ftp_data,SF
20082,guess_passwd,R2L,NORMAL,0.02828153578303868,tcp,pop_3,SF
20084,satan,Probe,NORMAL,0.10543096960863121,udp,private,SF
20097,smurf,DoS,NORMAL,0.0707759180621677,icmp,ecr_i,SF
20098,guess_passwd,R2L,NORMAL,0.024738551467018775,tcp,pop_3,SF
20102,back,DoS,NORMAL,0.07921827940996591,tcp,http,SF
20111,pod,DoS,NORMAL,0.0643932494324292,icmp,ecr_i,SF
20115,snmpguess,R2L,NORMAL,0.028046496942634724,udp,private,SF
20124,guess_passwd,R2L,NORMAL,0.025763922283588758,tcp,pop_3,SF
20126,guess_passwd,R2L,NORMAL,0.028731641045306892,tcp,pop_3,SF
20138,apache2,DoS,NORMAL,0.06341568736893868,tcp,http,S0
20146,smurf,DoS,NORMAL,0.09494133161197914,icmp,ecr_i,SF
20152,snmpguess,R2L,NORMAL,0.02728216190226404,udp,private,SF
20155,warezmaster,R2L,NORMAL,0.020456370035477706,tcp,ftp_data,SF
20156,smurf,DoS,NORMAL,0.09380109060411779,icmp,ecr_i,SF
20160,back,DoS,NORMAL,0.012934605388699798,tcp,http,SF
20163,ipsweep,Probe,NORMAL,0.1145798651711533,icmp,eco_i,SF
20181,warezmaster,R2L,NORMAL,0.028374301917639573,tcp,ftp_data,SF
20188,guess_passwd,R2L,NORMAL,0.031665043408643116,tcp,pop_3,SF
20192,snmpgetattack,R2L,NORMAL,0.027815245861574158,udp,private,SF
20223,snmpguess,R2L,NORMAL,0.027582691420280078,udp,private,SF
20227,guess_passwd,R2L,NORMAL,0.028355183496753002,tcp,pop_3,SF
20242,back,DoS,NORMAL,0.01306393346247448,tcp,http,SF
20250,snmpguess,R2L,NORMAL,0.027479600721912308,udp,private,SF
20270,saint,Probe,NORMAL,0.0765249684466012,icmp,eco_i,SF
20271,guess_passwd,R2L,NORMAL,0.03904742689899143,tcp,pop_3,SF
20274,ipsweep,Probe,NORMAL,0.11136641329486366,icmp,eco_i,SF
20279,warezmaster,R2L,NORMAL,0.040476344638481,tcp,ftp_data,SF
20293,snmpguess,R2L,NORMAL,0.027804848267078613,udp,private,SF
20306,smurf,DoS,NORMAL,0.11616658679194106,icmp,ecr_i,SF
20314,processtable,DoS,NORMAL,0.12195283158889447,tcp,telnet,SF
20339,guess_passwd,R2L,NORMAL,0.028397571081909895,tcp,pop_3,SF
20341,ipsweep,Probe,NORMAL,0.10930518338502902,icmp,eco_i,SF
20345,snmpguess,R2L,NORMAL,0.02726342087335138,udp,private,SF
20353,smurf,DoS,NORMAL,0.1045626774207866,icmp,ecr_i,SF
20364,mailbomb,DoS,NORMAL,0.07173471070993713,tcp,smtp,SF
20368,guess_passwd,R2L,NORMAL,0.04408407835970919,tcp,pop_3,SF
20369,snmpguess,R2L,NORMAL,0.02728224621228533,udp,private,SF
20383,ipsweep,Probe,NORMAL,0.11260843682856912,icmp,eco_i,SF
20390,guess_passwd,R2L,NORMAL,0.027045300192158405,tcp,pop_3,SF
20392,guess_passwd,R2L,NORMAL,0.05901708925879814,tcp,pop_3,SF
20397,warezmaster,R2L,NORMAL,0.038237055028421764,tcp,ftp_data,SF
20401,warezmaster,R2L,NORMAL,0.040550013202152124,tcp,ftp_data,SF
20411,warezmaster,R2L,NORMAL,0.056899740903151974,tcp,ftp_data,SF
20414,mscan,Probe,NORMAL,0.12512704547640732,tcp,telnet,RSTO
20416,satan,Probe,NORMAL,0.0858950701213628,udp,other,SF
20419,mscan,Probe,NORMAL,0.08003637911794068,tcp,imap4,REJ
20432,mailbomb,DoS,NORMAL,0.05838903174597858,tcp,smtp,SF
20434,warezmaster,R2L,NORMAL,0.03607068950013324,tcp,ftp_data,SF
20439,guess_passwd,R2L,NORMAL,0.03321103641160989,tcp,pop_3,SF
20440,snmpguess,R2L,NORMAL,0.02705412706057566,udp,private,SF
20460,snmpgetattack,R2L,NORMAL,0.07380951549129472,udp,private,SF
20462,guess_passwd,R2L,NORMAL,0.028682603270045025,tcp,pop_3,SF
20463,saint,Probe,NORMAL,0.05827680888045639,icmp,eco_i,SF
20468,mailbomb,DoS,NORMAL,0.022191900410518377,tcp,smtp,SF
20470,ipsweep,Probe,NORMAL,0.11643600876082472,icmp,eco_i,SF
20479,warezmaster,R2L,NORMAL,0.043946158313667875,tcp,ftp_data,SF
20492,smurf,DoS,NORMAL,0.07077585836041797,icmp,ecr_i,SF
20498,processtable,DoS,NORMAL,0.10499614381734938,tcp,telnet,SF
20499,snmpguess,R2L,NORMAL,0.027732117707064262,udp,private,SF
20511,snmpguess,R2L,NORMAL,0.027804721085912178,udp,private,SF
20512,smurf,DoS,NORMAL,0.060693532072765496,icmp,ecr_i,SF
20513,mscan,Probe,NORMAL,0.09787097385198548,tcp,telnet,RSTO
20521,guess_passwd,R2L,NORMAL,0.02473632857925717,tcp,pop_3,SF
20527,back,DoS,NORMAL,0.01345803316221595,tcp,http,SF
20530,snmpgetattack,R2L,NORMAL,0.02533186555339738,udp,private,SF
20532,snmpgetattack,R2L,NORMAL,0.04198374028997278,udp,private,SF
20539,guess_passwd,R2L,NORMAL,0.035756799581370076,tcp,pop_3,SF
20551,snmpgetattack,R2L,NORMAL,0.02772687974274231,udp,private,SF
20553,ipsweep,Probe,NORMAL,0.05988277782903051,icmp,eco_i,SF
20559,satan,Probe,NORMAL,0.10380343720153103,udp,private,SF
20560,back,DoS,NORMAL,0.014529823226929563,tcp,http,SF
20561,satan,Probe,NORMAL,0.09501914086760654,udp,private,SF
20592,back,DoS,NORMAL,0.02544771391870756,tcp,http,SF
20600,apache2,DoS,NORMAL,0.06899430407262824,tcp,http,S0
20602,back,DoS,NORMAL,0.0139688238606985,tcp,http,SF
20606,warezmaster,R2L,NORMAL,0.06955801971599365,tcp,ftp_data,SF
20607,ipsweep,Probe,NORMAL,0.0751878144517968,icmp,eco_i,SF
20608,mailbomb,DoS,NORMAL,0.04715671322613604,tcp,smtp,SF
20616,warezmaster,R2L,NORMAL,0.037126358422614615,tcp,ftp_data,SF
20619,mailbomb,DoS,NORMAL,0.05149307952214652,tcp,smtp,SF
20620,back,DoS,NORMAL,0.012856998670832022,tcp,http,SF
20624,guess_passwd,R2L,NORMAL,0.026882087671578094,tcp,pop_3,SF
20626,guess_passwd,R2L,NORMAL,0.025400961593681097,tcp,pop_3,SF
20632,smurf,DoS,NORMAL,0.0557439498586761,icmp,ecr_i,SF
20644,mailbomb,DoS,NORMAL,0.024350011257466275,tcp,smtp,SF
20650,snmpguess,R2L,NORMAL,0.027110058772736294,udp,private,SF
20652,mailbomb,DoS,NORMAL,0.04547832340785642,tcp,smtp,SF
20664,smurf,DoS,NORMAL,0.10130047891855902,icmp,ecr_i,SF
20674,smurf,DoS,NORMAL,0.08622691247542318,icmp,ecr_i,SF
20675,smurf,DoS,NORMAL,0.09494151333132063,icmp,ecr_i,SF
20678,guess_passwd,R2L,NORMAL,0.028663121416208064,tcp,pop_3,SF
20683,guess_passwd,R2L,NORMAL,0.027941027099956953,tcp,pop_3,SF
20686,saint,Probe,NORMAL,0.06262974329691734,icmp,eco_i,SF
20687,snmpgetattack,R2L,NORMAL,0.05465773673095496,udp,private,SF
20693,guess_passwd,R2L,NORMAL,0.025678012967041444,tcp,pop_3,SF
20694,back,DoS,NORMAL,0.013515486011308205,tcp,http,SF
20709,pod,DoS,NORMAL,0.10301970760278002,icmp,ecr_i,SF
20719,guess_passwd,R2L,NORMAL,0.028725001302872134,tcp,pop_3,SF
20721,warezmaster,R2L,NORMAL,0.026130249053642817,tcp,ftp_data,SF
20728,warezmaster,R2L,NORMAL,0.03831775491535082,tcp,ftp_data,SF
20729,smurf,DoS,NORMAL,0.052814086038791924,icmp,ecr_i,SF
20786,saint,Probe,NORMAL,0.05107403729345567,udp,other,SF
20791,snmpguess,R2L,NORMAL,0.026837531391165004,udp,private,SF
20802,smurf,DoS,NORMAL,0.12358626148078952,icmp,ecr_i,SF
20815,guess_passwd,R2L,NORMAL,0.02985726663615275,tcp,pop_3,SF
20817,mailbomb,DoS,NORMAL,0.09084804122579894,tcp,smtp,SF
20832,guess_passwd,R2L,NORMAL,0.028605931294375216,tcp,pop_3,SF
20835,ipsweep,Probe,NORMAL,0.0674647268114659,icmp,eco_i,SF
20847,guess_passwd,R2L,NORMAL,0.03009490119817387,tcp,pop_3,SF
20848,snmpgetattack,R2L,NORMAL,0.04460553824331903,udp,private,SF
20849,mailbomb,DoS,NORMAL,0.03653511085920109,tcp,smtp,SF
20854,guess_passwd,R2L,NORMAL,0.03338294242226382,tcp,pop_3,SF
20857,mailbomb,DoS,NORMAL,0.06133962566987301,tcp,smtp,SF
20862,snmpguess,R2L,NORMAL,0.027478723345228863,udp,private,SF
20875,warezmaster,R2L,NORMAL,0.041422169625087005,tcp,ftp_data,SF
20876,guess_passwd,R2L,NORMAL,0.030891904044684858,tcp,pop_3,SF
20877,guess_passwd,R2L,NORMAL,0.027482535178197626,tcp,pop_3,SF
20881,back,DoS,NORMAL,0.01313966503519196,tcp,http,SF
20895,named,R2L,NORMAL,0.11201942538754321,tcp,domain,RSTO
20899,warezmaster,R2L,NORMAL,0.03463891442996731,tcp,ftp_data,SF
20913,saint,Probe,NORMAL,0.06387208966522674,icmp,eco_i,SF
20921,guess_passwd,R2L,NORMAL,0.0533105104129869,tcp,pop_3,SF
20929,snmpguess,R2L,NORMAL,0.027582603754466847,udp,private,SF
20932,snmpgetattack,R2L,NORMAL,0.024917565855741126,udp,private,SF
20934,warezmaster,R2L,NORMAL,0.061042932410814855,tcp,ftp_data,SF
20956,teardrop,DoS,NORMAL,0.06300789935089703,udp,private,SF
20959,guess_passwd,R2L,NORMAL,0.028651978296107817,tcp,pop_3,SF
20965,warezmaster,R2L,NORMAL,0.036995450122524844,tcp,ftp_data,SF
20978,warezmaster,R2L,NORMAL,0.03701710049498401,tcp,ftp_data,SF
20984,guess_passwd,R2L,NORMAL,0.0388640369929521,tcp,telnet,SF
20989,satan,Probe,NORMAL,0.10577982712769232,udp,private,SF
20995,guess_passwd,R2L,NORMAL,0.04821312787617778,tcp,telnet,SF
20999,warezmaster,R2L,NORMAL,0.04197368278888583,tcp,ftp_data,SF
21009,guess_passwd,R2L,NORMAL,0.028522618400692458,tcp,pop_3,SF
21011,warezmaster,R2L,NORMAL,0.04314304962511894,tcp,ftp_data,SF
21015,back,DoS,NORMAL,0.012486990796071693,tcp,http,SF
21020,guess_passwd,R2L,NORMAL,0.028375518405398432,tcp,pop_3,SF
21021,mailbomb,DoS,NORMAL,0.05347897889298969,tcp,smtp,SF
21053,warezmaster,R2L,NORMAL,0.03563965254185415,tcp,ftp_data,SF
21054,guess_passwd,R2L,NORMAL,0.037489800267800966,tcp,pop_3,SF
21071,snmpguess,R2L,NORMAL,0.027154683936935646,udp,private,SF
21073,mailbomb,DoS,NORMAL,0.07585292744631736,tcp,smtp,SF
21079,httptunnel,R2L,NORMAL,0.04674628731702648,tcp,other,SF
21080,guess_passwd,R2L,NORMAL,0.026675810117047158,tcp,pop_3,SF
21086,guess_passwd,R2L,NORMAL,0.028651992929480875,tcp,pop_3,SF
21096,warezmaster,R2L,NORMAL,0.038065007534234314,tcp,ftp_data,SF
21106,smurf,DoS,NORMAL,0.08600862155373824,icmp,ecr_i,SF
21109,mscan,Probe,NORMAL,0.11800264314400197,tcp,telnet,RSTO
21119,warezmaster,R2L,NORMAL,0.04036760919765346,tcp,ftp_data,SF
21124,snmpguess,R2L,NORMAL,0.027370798673929934,udp,private,SF
21126,smurf,DoS,NORMAL,0.10822866201939316,icmp,ecr_i,SF
21127,warezmaster,R2L,NORMAL,0.03033845803836034,tcp,ftp_data,SF
21129,ipsweep,Probe,NORMAL,0.07735016595146214,icmp,eco_i,SF
21139,guess_passwd,R2L,NORMAL,0.025660171318648187,tcp,pop_3,SF
21142,saint,Probe,NORMAL,0.12169134026332686,udp,domain_u,SF
21146,guess_passwd,R2L,NORMAL,0.027289834858375526,tcp,pop_3,SF
21176,saint,Probe,NORMAL,0.057241763648411804,icmp,eco_i,SF
21189,mscan,Probe,NORMAL,0.12677651147376423,tcp,pop_3,RSTO
21190,ipsweep,Probe,NORMAL,0.11236237649330832,icmp,eco_i,SF
21208,warezmaster,R2L,NORMAL,0.038660042707045844,tcp,ftp_data,SF
21224,guess_passwd,R2L,NORMAL,0.05230227727369401,tcp,pop_3,SF
21228,snmpgetattack,R2L,NORMAL,0.025417766829866833,udp,private,SF
21234,smurf,DoS,NORMAL,0.07767601198517597,icmp,ecr_i,SF
21246,ps,U2R,NORMAL,0.09883073527255243,tcp,ftp,SF
21254,warezmaster,R2L,NORMAL,0.04037134539466648,tcp,ftp_data,SF
21259,guess_passwd,R2L,NORMAL,0.028273505553558127,tcp,pop_3,SF
21271,snmpgetattack,R2L,NORMAL,0.027464725591056404,udp,private,SF
21278,xsnoop,R2L,NORMAL,0.04886578807229347,tcp,X11,SF
21280,snmpguess,R2L,NORMAL,0.027582644779135693,udp,private,SF
21281,mscan,Probe,NORMAL,0.060159593389241386,tcp,telnet,REJ
21292,warezmaster,R2L,NORMAL,0.023489617202708053,tcp,ftp_data,SF
21315,back,DoS,NORMAL,0.013485915235647617,tcp,http,SF
21316,back,DoS,NORMAL,0.013930048094620801,tcp,http,SF
21317,guess_passwd,R2L,NORMAL,0.11143768797301608,tcp,pop_3,SF
21319,ipsweep,Probe,NORMAL,0.06102345493133116,icmp,eco_i,SF
21326,warezmaster,R2L,NORMAL,0.03684353380889651,tcp,ftp_data,SF
21337,back,DoS,NORMAL,0.012719251644940784,tcp,http,SF
21351,warezmaster,R2L,NORMAL,0.03805551028626515,tcp,ftp_data,SF
21358,guess_passwd,R2L,NORMAL,0.03281020349555523,tcp,pop_3,SF
21363,guess_passwd,R2L,NORMAL,0.02994550319106296,tcp,pop_3,SF
21375,guess_passwd,R2L,NORMAL,0.028656041615306063,tcp,pop_3,SF
21377,guess_passwd,R2L,NORMAL,0.02564928004653994,tcp,pop_3,SF
21386,back,DoS,NORMAL,0.01333666185188917,tcp,http,SF
21389,warezmaster,R2L,NORMAL,0.02402177458561984,tcp,ftp_data,SF
21401,guess_passwd,R2L,NORMAL,0.11913371627288358,tcp,pop_3,SF
21402,snmpgetattack,R2L,NORMAL,0.024790340907386285,udp,private,SF
21406,snmpguess,R2L,NORMAL,0.059421128025680246,udp,private,SF
21423,warezmaster,R2L,NORMAL,0.043759460507035705,tcp,ftp_data,SF
21432,snmpguess,R2L,NORMAL,0.026882006005148618,udp,private,SF
21436,back,DoS,NORMAL,0.09471083295736955,tcp,http,RSTR
21439,mailbomb,DoS,NORMAL,0.03607632520541378,tcp,smtp,SF
21449,back,DoS,NORMAL,0.011387099650716498,tcp,http,SF
21452,warezmaster,R2L,NORMAL,0.039628279532645874,tcp,ftp_data,SF
21457,guess_passwd,R2L,NORMAL,0.026263434156072085,tcp,pop_3,SF
21462,smurf,DoS,NORMAL,0.09693946420356463,icmp,ecr_i,SF
21469,guess_passwd,R2L,NORMAL,0.02692591100747073,tcp,pop_3,SF
21473,snmpguess,R2L,NORMAL,0.027703385426385084,udp,private,SF
21493,mailbomb,DoS,NORMAL,0.023385803085973076,tcp,smtp,SF
21495,snmpgetattack,R2L,NORMAL,0.026985621749424475,udp,private,SF
21497,multihop,R2L,NORMAL,0.0450888434673679,tcp,ftp_data,SF
21504,snmpguess,R2L,NORMAL,0.027109990898838497,udp,private,SF
21517,satan,Probe,NORMAL,0.10991112483345693,udp,private,SF
21524,back,DoS,NORMAL,0.011593497740018674,tcp,http,SF
21532,guess_passwd,R2L,NORMAL,0.029012226434859695,tcp,pop_3,SF
21539,snmpguess,R2L,NORMAL,0.02695393328339187,udp,private,SF
21560,apache2,DoS,NORMAL,0.12624632784966658,tcp,http,S0
21562,smurf,DoS,NORMAL,0.05873170777850061,icmp,ecr_i,SF
21589,smurf,DoS,NORMAL,0.1077234094484484,icmp,ecr_i,SF
21594,mscan,Probe,NORMAL,0.08665917654153975,tcp,telnet,RSTO
21606,guess_passwd,R2L,NORMAL,0.026737660438528415,tcp,pop_3,SF
21615,back,DoS,NORMAL,0.011817751244247393,tcp,http,SF
21619,snmpguess,R2L,NORMAL,0.02794873748781074,udp,private,SF
21621,smurf,DoS,NORMAL,0.1285656113242734,icmp,ecr_i,SF
21628,smurf,DoS,NORMAL,0.1003563856622504,icmp,ecr_i,SF
21631,warezmaster,R2L,NORMAL,0.0481818255964276,tcp,ftp_data,SF
21648,satan,Probe,NORMAL,0.07794542569631836,udp,private,SF
21681,warezmaster,R2L,NORMAL,0.024047951033697685,tcp,ftp_data,SF
21686,snmpguess,R2L,NORMAL,0.02705416288279898,udp,private,SF
21698,warezmaster,R2L,NORMAL,0.03438383083666247,tcp,ftp_data,SF
21716,neptune,DoS,NORMAL,0.06923388809905597,tcp,http,REJ
21720,back,DoS,NORMAL,0.012395714850085653,tcp,http,SF
21721,guess_passwd,R2L,NORMAL,0.05018303267596674,tcp,telnet,SF
21732,processtable,DoS,NORMAL,0.12058055483459226,tcp,telnet,SF
21733,back,DoS,NORMAL,0.011655812260145277,tcp,http,SF
21738,guess_passwd,R2L,NORMAL,0.028440477739532326,tcp,pop_3,SF
21747,guess_passwd,R2L,NORMAL,0.026586113394489824,tcp,pop_3,SF
21752,guess_passwd,R2L,NORMAL,0.0626817865287731,tcp,pop_3,SF
21767,warezmaster,R2L,NORMAL,0.06396311058487184,tcp,ftp_data,SF
21768,snmpgetattack,R2L,NORMAL,0.026872172914016366,udp,private,SF
21771,guess_passwd,R2L,NORMAL,0.025651347824671565,tcp,pop_3,SF
21772,guess_passwd,R2L,NORMAL,0.05646774102315886,tcp,pop_3,SF
21779,back,DoS,NORMAL,0.006165467385684488,tcp,http,SF
21792,guess_passwd,R2L,NORMAL,0.02916350835217078,tcp,pop_3,SF
21794,warezmaster,R2L,NORMAL,0.03692771302587407,tcp,ftp_data,SF
21797,warezmaster,R2L,NORMAL,0.03876198281075551,tcp,ftp_data,SF
21799,guess_passwd,R2L,NORMAL,0.027165884659446398,tcp,pop_3,SF
21800,smurf,DoS,NORMAL,0.07002940050604244,icmp,ecr_i,SF
21804,guess_passwd,R2L,NORMAL,0.026747014204813277,tcp,pop_3,SF
21828,back,DoS,NORMAL,0.013042673760055053,tcp,http,SF
21839,back,DoS,NORMAL,0.012378450918968774,tcp,http,SF
21843,warezmaster,R2L,NORMAL,0.036141653707058595,tcp,ftp_data,SF
21855,snmpgetattack,R2L,NORMAL,0.027464695522684567,udp,private,SF
21864,smurf,DoS,NORMAL,0.06955016856571075,icmp,ecr_i,SF
21866,back,DoS,NORMAL,0.012016523236043734,tcp,http,SF
21867,guess_passwd,R2L,NORMAL,0.02725326534835028,tcp,pop_3,SF
21871,back,DoS,NORMAL,0.013586822857173225,tcp,http,SF
21873,snmpgetattack,R2L,NORMAL,0.026625945845229804,udp,private,SF
21892,warezmaster,R2L,NORMAL,0.050538875978427496,tcp,ftp_data,SF
21894,smurf,DoS,NORMAL,0.056241762556607545,icmp,ecr_i,SF
21903,snmpguess,R2L,NORMAL,0.027068366934371386,udp,private,SF
21915,guess_passwd,R2L,NORMAL,0.026706696180362144,tcp,pop_3,SF
21918,smurf,DoS,NORMAL,0.11192819506300912,icmp,ecr_i,SF
21922,mailbomb,DoS,NORMAL,0.034298010588095694,tcp,smtp,SF
21925,guess_passwd,R2L,NORMAL,0.03305069913464924,tcp,pop_3,SF
21926,saint,Probe,NORMAL,0.0619803613642953,icmp,eco_i,SF
21927,guess_passwd,R2L,NORMAL,0.0302183912406677,tcp,pop_3,SF
21930,warezmaster,R2L,NORMAL,0.055100260446787466,tcp,ftp_data,SF
21931,warezmaster,R2L,NORMAL,0.0446091354535298,tcp,ftp_data,SF
21936,ps,U2R,NORMAL,0.046221284698567344,tcp,ftp_data,SF
21941,guess_passwd,R2L,NORMAL,0.05534056436537545,tcp,pop_3,SF
21950,smurf,DoS,NORMAL,0.05445481115635709,icmp,ecr_i,SF
21952,saint,Probe,NORMAL,0.06539640660212517,icmp,eco_i,SF
21958,smurf,DoS,NORMAL,0.09188912821823145,icmp,ecr_i,SF
21966,warezmaster,R2L,NORMAL,0.042596825823592345,tcp,ftp_data,SF
21977,guess_passwd,R2L,NORMAL,0.03086635736801612,tcp,pop_3,SF
21993,warezmaster,R2L,NORMAL,0.023328773318440573,tcp,ftp_data,SF
21995,snmpgetattack,R2L,NORMAL,0.02755278247276959,udp,private,SF
21997,smurf,DoS,NORMAL,0.10686579969519625,icmp,ecr_i,SF
21998,back,DoS,NORMAL,0.08362771708915995,tcp,http,SF
22013,back,DoS,NORMAL,0.01336345375286516,tcp,http,SF
22019,snmpguess,R2L,NORMAL,0.026953993931810867,udp,private,SF
22034,mailbomb,DoS,NORMAL,0.09001081827248707,tcp,smtp,SF
22037,mailbomb,DoS,NORMAL,0.05359679463283362,tcp,smtp,SF
22051,back,DoS,NORMAL,0.08362348689104446,tcp,http,SF
22052,snmpguess,R2L,NORMAL,0.02780479098167677,udp,private,SF
22053,snmpgetattack,R2L,NORMAL,0.027023780326902676,udp,private,SF
22064,smurf,DoS,NORMAL,0.07413338609672987,icmp,ecr_i,SF
22081,guess_passwd,R2L,NORMAL,0.029167863900572414,tcp,pop_3,SF
22082,ipsweep,Probe,NORMAL,0.07569381144540278,icmp,eco_i,SF
22084,guess_passwd,R2L,NORMAL,0.03068061853879634,tcp,pop_3,SF
22087,apache2,DoS,NORMAL,0.0024697581792064364,tcp,http,SF
22089,mscan,Probe,NORMAL,0.07704794710200263,tcp,sunrpc,REJ
22093,smurf,DoS,NORMAL,0.06876900924074911,icmp,ecr_i,SF
22100,warezmaster,R2L,NORMAL,0.04443847030385457,tcp,ftp_data,SF
22108,smurf,DoS,NORMAL,0.05541614827904089,icmp,ecr_i,SF
22130,guess_passwd,R2L,NORMAL,0.027389573911839226,tcp,pop_3,SF
22139,sendmail,R2L,NORMAL,0.06301117478297749,tcp,auth,SF
22144,guess_passwd,R2L,NORMAL,0.026688725019745542,tcp,pop_3,SF
22152,warezmaster,R2L,NORMAL,0.05593834481461289,tcp,ftp_data,SF
22179,guess_passwd,R2L,NORMAL,0.027060738386022257,tcp,pop_3,SF
22190,smurf,DoS,NORMAL,0.07563232515376991,icmp,ecr_i,SF
22199,snmpgetattack,R2L,NORMAL,0.03904349038410148,udp,private,SF
22204,mailbomb,DoS,NORMAL,0.022063374482151062,tcp,smtp,SF
22211,snmpguess,R2L,NORMAL,0.027804756366624276,udp,private,SF
22216,pod,DoS,NORMAL,0.09991729963454238,icmp,ecr_i,SF
22220,snmpgetattack,R2L,NORMAL,0.028429591060689815,udp,private,SF
22222,smurf,DoS,NORMAL,0.08487065096790662,icmp,ecr_i,SF
22240,back,DoS,NORMAL,0.013133156662249991,tcp,http,SF
22244,snmpguess,R2L,NORMAL,0.027479567441969385,udp,private,SF
22249,mailbomb,DoS,NORMAL,0.032716200019206804,tcp,smtp,SF
22252,snmpguess,R2L,NORMAL,0.026912999542309808,udp,private,SF
22257,snmpgetattack,R2L,NORMAL,0.027814061557883865,udp,private,SF
22260,snmpguess,R2L,NORMAL,0.027479699257681452,udp,private,SF
22272,mailbomb,DoS,NORMAL,0.029836790982361656,tcp,smtp,SF
22273,guess_passwd,R2L,NORMAL,0.02807536868845388,tcp,pop_3,SF
22284,guess_passwd,R2L,NORMAL,0.03243567838470478,tcp,pop_3,SF
22285,guess_passwd,R2L,NORMAL,0.02780834141153296,tcp,pop_3,SF
22292,mailbomb,DoS,NORMAL,0.05541683408936429,tcp,smtp,SF
22300,back,DoS,NORMAL,0.013315739854834831,tcp,http,SF
22319,smurf,DoS,NORMAL,0.12677036111081483,icmp,ecr_i,SF
22321,warezmaster,R2L,NORMAL,0.039703110574759275,tcp,ftp_data,SF
22323,warezmaster,R2L,NORMAL,0.04349464855666539,tcp,ftp_data,SF
22332,guess_passwd,R2L,NORMAL,0.04351480507410545,tcp,pop_3,SF
22347,satan,Probe,NORMAL,0.1200859665224387,udp,other,SF
22348,smurf,DoS,NORMAL,0.060693588417794916,icmp,ecr_i,SF
22352,warezmaster,R2L,NORMAL,0.03661030799212046,tcp,ftp_data,SF
22358,smurf,DoS,NORMAL,0.09998878468758443,icmp,ecr_i,SF
22362,ipsweep,Probe,NORMAL,0.11326224423488407,icmp,eco_i,SF
22374,back,DoS,NORMAL,0.011688413622184719,tcp,http,SF
22394,guess_passwd,R2L,NORMAL,0.028882912565977217,tcp,pop_3,SF
22396,snmpgetattack,R2L,NORMAL,0.0268765937249336,udp,private,SF
22422,ipsweep,Probe,NORMAL,0.06957425518245941,icmp,eco_i,SF
22425,warezmaster,R2L,NORMAL,0.031708718026370174,tcp,ftp_data,SF
22438,guess_passwd,R2L,NORMAL,0.02868262915472661,tcp,pop_3,SF
22444,guess_passwd,R2L,NORMAL,0.039392348898985595,tcp,pop_3,SF
22485,smurf,DoS,NORMAL,0.09188895764642613,icmp,ecr_i,SF
22487,mailbomb,DoS,NORMAL,0.04145455287650975,tcp,smtp,SF
22490,guess_passwd,R2L,NORMAL,0.030845839769657556,tcp,pop_3,SF
22493,satan,Probe,NORMAL,0.1288130666301282,udp,other,SF
22501,guess_passwd,R2L,NORMAL,0.02902595683085181,tcp,pop_3,SF
22510,smurf,DoS,NORMAL,0.07447937997267487,icmp,ecr_i,SF
22521,satan,Probe,NORMAL,0.1066328831607827,udp,private,SF
22522,back,DoS,NORMAL,0.012228406177801259,tcp,http,SF
22524,rootkit,U2R,NORMAL,0.035435062516337566,tcp,ftp,SF
22528,smurf,DoS,NORMAL,0.05574525105388564,icmp,ecr_i,SF
22537,mailbomb,DoS,NORMAL,0.04048171448624942,tcp,smtp,SF
22538,smurf,DoS,NORMAL,0.05442263815805474,icmp,ecr_i,SF
22541,back,DoS,NORMAL,0.01317721107078763,tcp,http,SF
